instagram kids,instagram,kids
gentle touch,gentle,touch
flu virus,flu,virus
patient records,patient,records
a.i. technology,a.i.,technology
other scientists,other,scientists
mental health history,mental,health,history
obesity management,obesity,management
dr. houry,dr.,houry
v.a. researcher,v.a.,researcher
hepatitis
new study,new,study
global and american health officials,global,and,american,health,officials
high dengue transmission,high,dengue,transmission
firearm suicide rates,firearm,suicide,rates
dr. menor,dr.,menor
cannabis brands,cannabis,brands
health care workers,health,care,workers
mental health content,mental,health,content
clinical a.i,clinical,a.i
volunteers’ experiences,volunteers’,experiences
airport workers,airport,workers
confirmed cases,confirmed,cases
a.d.h.d. research,a.d.h.d.,research
staffing issues,staffing,issues
american workers,american,workers
human brain,human,brain
medicine
different types,different,types
minority adolescents,minority,adolescents
use
major sperm banks,major,sperm,banks
phantom voices,phantom,voices
name
facility’s assessment,facility’s,assessment
mr. beck,mr.,beck
low serotonin,low,serotonin
mechanical sense,mechanical,sense
nursing homes,nursing,homes
paper
customers
hearing aid,hearing,aid
"news
meta",news,meta
countless people,countless,people
other patients,other,patients
different dating,different,dating
small metal pieces,small,metal,pieces
dr. ajita prabhu,dr.,ajita,prabhu
many nursing homes,many,nursing,homes
discovered cells,discovered,cells
hospitals
recalled products,recalled,products
health issues,health,issues
medicaid enrollment,medicaid,enrollment
ms. speer,ms.,speer
ms. chung,ms.,chung
ms. foor,ms.,foor
others
skeletons
official poverty level,official,poverty,level
much assisted living,much,assisted,living
dr. dipersio,dr.,dipersio
daily calorie budget,daily,calorie,budget
ms. hsueh,ms.,hsueh
world aids day,world,aids,day
more than 4.5 million children,more,than,4.5,million,children
birth plan,birth,plan
higher-weight children,higher-weight,children
calories
alcohol manufacturers,alcohol,manufacturers
u.s. centers,u.s.,centers
wegovy
home health agencies,home,health,agencies
low gravity,low,gravity
dr. allen,dr.,allen
right facility,right,facility
first artificial kidney,first,artificial,kidney
stanford medicine,stanford,medicine
tobacco
widespread labor strike,widespread,labor,strike
leaked report,leaked,report
adjuvanted flu vaccine,adjuvanted,flu,vaccine
mr. levinson,mr.,levinson
dog
same amount,same,amount
dr. thomas dobbs,dr.,thomas,dobbs
health crises,health,crises
other tests,other,tests
coal use,coal,use
americans
psychiatry
powerful but expensive new drugs,powerful,but,expensive,new,drugs
health services,health,services
serotonin
indoor air target,indoor,air,target
life
financed survey,financed,survey
public health infrastructure,public,health,infrastructure
stroke
dr. bossis,dr.,bossis
mr. bennett,mr.,bennett
sexual side effects,sexual,side,effects
vital health care infrastructure,vital,health,care,infrastructure
other peace corps applicants,other,peace,corps,applicants
garbage bags,garbage,bags
dating sites,dating,sites
blood bags,blood,bags
people’s frustration,people’s,frustration
genetic disease,genetic,disease
northern gaza,northern,gaza
cosmetic weight loss,cosmetic,weight,loss
homes
several l.g.b.t.q,several,l.g.b.t.q
gun violence,gun,violence
ct scan,ct,scan
dr. mannix’s daughter,dr.,mannix’s,daughter
ms. sobczyk,ms.,sobczyk
priest
dr. shintani,dr.,shintani
dr. bertagnolli’s confirmation hearing,dr.,bertagnolli’s,confirmation,hearing
fewer new blisters,fewer,new,blisters
mushrooms
"important, bariatric surgery","important,",bariatric,surgery
actual vaccines,actual,vaccines
food additives,food,additives
assisted-living facilities,assisted-living,facilities
lung cancer,lung,cancer
cognitive functions,cognitive,functions
pet scan,pet,scan
memory
mass vaccination campaign,mass,vaccination,campaign
space vessel,space,vessel
available antibiotic,available,antibiotic
health problems,health,problems
u.s. government,u.s.,government
alexandra duarte,alexandra,duarte
highest dose,highest,dose
law enforcement,law,enforcement
healthy dogs,healthy,dogs
underlying eoe,underlying,eoe
own a.i. tools,own,a.i.,tools
sacklers’ fortune,sacklers’,fortune
"more than 265,000 children",more,than,"265,000",children
mr. rubenstein,mr.,rubenstein
mr. soto,mr.,soto
other facilities,other,facilities
more calories,more,calories
dr. whitley-williams,dr.,whitley-williams
kaiser sites,kaiser,sites
dr. waleed javaid,dr.,waleed,javaid
peace corps office,peace,corps,office
state health officer,state,health,officer
adolescents
kaiser unions,kaiser,unions
dr. natasha bagdasarian,dr.,natasha,bagdasarian
dr. dobbs,dr.,dobbs
kidney disease,kidney,disease
syphilis testing technology,syphilis,testing,technology
brain tumor,brain,tumor
additional 85 million children,additional,85,million,children
internet
menthol e,menthol,e
state’s public health officials,state’s,public,health,officials
dr. kimberly page riley,dr.,kimberly,page,riley
united states,united,states
johns hopkins hospital,johns,hopkins,hospital
mr. faucette,mr.,faucette
mr. cassidy,mr.,cassidy
white adolescents,white,adolescents
policy
people ages,people,ages
ms. mcdowell,ms.,mcdowell
health agencies,health,agencies
mr. festa,mr.,festa
unhealthy indoor air,unhealthy,indoor,air
mr. bush,mr.,bush
mr. luján,mr.,luján
-
same people,same,people
planetary health equity hothouse,planetary,health,equity,hothouse
human brain cells,human,brain,cells
dr. weissman,dr.,weissman
ha
committee duties,committee,duties
dr. helmstetter,dr.,helmstetter
air purifiers,air,purifiers
successful campaigns,successful,campaigns
gaza range,gaza,range
benefits experts,benefits,experts
peace corps official,peace,corps,official
highest congenital syphilis rates,highest,congenital,syphilis,rates
space travel,space,travel
hernia market,hernia,market
ruling
rate
tb transmission,tb,transmission
births
affluent people,affluent,people
minimum social security benefit,minimum,social,security,benefit
.
weight-loss treatment,weight-loss,treatment
dr. william schaffner,dr.,william,schaffner
dr. willem j. kolff,dr.,willem,j.,kolff
ill patients,ill,patients
millennial caregivers,millennial,caregivers
dr. nina kottler,dr.,nina,kottler
sperm donor,sperm,donor
supported affordable senior housing,supported,affordable,senior,housing
health care employees,health,care,employees
may
obesity report,obesity,report
dr. frank w. putnam,dr.,frank,w.,putnam
body temperature,body,temperature
food and drug administration,food,and,drug,administration
"mental health policy
applicants",mental,health,policy,applicants
depleted serotonin,depleted,serotonin
similar people,similar,people
popular wegovy,popular,wegovy
ms. harris,ms.,harris
regulated tests,regulated,tests
private treatment,private,treatment
ms. ragsdale,ms.,ragsdale
psychedelic mushrooms,psychedelic,mushrooms
sister union,sister,union
dietary guidelines committee,dietary,guidelines,committee
dr. bergman’s group,dr.,bergman’s,group
dr. balbus,dr.,balbus
caregivers clinic,caregivers,clinic
more than four million people,more,than,four,million,people
own body,own,body
bariatric surgery,bariatric,surgery
earlier study,earlier,study
dye
dr. shaffer,dr.,shaffer
boulder
brain network,brain,network
new cases,new,cases
dr. bergman enlisted medical students,dr.,bergman,enlisted,medical,students
coal plants,coal,plants
discounted drugs,discounted,drugs
china’s ambitions,china’s,ambitions
"influenza pandemic, life expectancy",influenza,"pandemic,",life,expectancy
priest’s immune response,priest’s,immune,response
hard-to-treat mental health problems,hard-to-treat,mental,health,problems
federal benefits,federal,benefits
earth’s ozone,earth’s,ozone
dr. prabhu,dr.,prabhu
mental health and climate anxiety,mental,health,and,climate,anxiety
court
vaccination rates,vaccination,rates
mental health condition,mental,health,condition
ms. ha,ms.,ha
many nursing home workers,many,nursing,home,workers
increased risk,increased,risk
temperature
mr. magnuson,mr.,magnuson
ms. engelbert’s brother diego engelbert,ms.,engelbert’s,brother,diego,engelbert
animals
plague hospitals,plague,hospitals
fewer dengue cases,fewer,dengue,cases
cannabis sublingual drops,cannabis,sublingual,drops
dr. zirui song,dr.,zirui,song
company’s chief executive,company’s,chief,executive
high blood pressure,high,blood,pressure
medicare certifies,medicare,certifies
future indoor air quality standards,future,indoor,air,quality,standards
pain syndrome,pain,syndrome
muscle soreness,muscle,soreness
tb services,tb,services
cannabis use,cannabis,use
wegovy’s price,wegovy’s,price
a.i. oversight,a.i.,oversight
human brain works,human,brain,works
new diabetes drug,new,diabetes,drug
evacuation effort,evacuation,effort
assessed temperatures,assessed,temperatures
sexual interest,sexual,interest
premature infants,premature,infants
card information,card,information
many policies,many,policies
study’s authors,study’s,authors
captured raccoons,captured,raccoons
penn state university,penn,state,university
remaining children,remaining,children
own cleaned debris,own,cleaned,debris
urban animals,urban,animals
indoor pollution,indoor,pollution
a.i. vendors,a.i.,vendors
insects
hair follicle cells,hair,follicle,cells
gravity
dr. talbott’s presidency,dr.,talbott’s,presidency
dr. shaffer’s supervision,dr.,shaffer’s,supervision
dozen influencers,dozen,influencers
many unions,many,unions
ms. plimpton,ms.,plimpton
ptsd diagnosis,ptsd,diagnosis
weight cycling,weight,cycling
newport and camel cigarettes,newport,and,camel,cigarettes
more people,more,people
gene therapies,gene,therapies
f.d.a. v. alliance,f.d.a.,v.,alliance
new hernia,new,hernia
dignified death,dignified,death
mental health clinician,mental,health,clinician
mississippi’s rate,mississippi’s,rate
george williams,george,williams
barr virus,barr,virus
’s
many americans’ prescription records,many,americans’,prescription,records
home aide,home,aide
state insurance department,state,insurance,department
dr. javaid,dr.,javaid
childhood immunization program,childhood,immunization,program
unvaccinated children,unvaccinated,children
mr. hawley,mr.,hawley
ms. ringler,ms.,ringler
dr. marr,dr.,marr
medical evacuation,medical,evacuation
dr. nestle,dr.,nestle
report
mr. hofman,mr.,hofman
dr. susan cheng,dr.,susan,cheng
china’s illicit exports,china’s,illicit,exports
assisted-living units,assisted-living,units
vaccines
used abortion pill,used,abortion,pill
hollywood actor strike,hollywood,actor,strike
annual births,annual,births
black and native american babies,black,and,native,american,babies
a.d.h.d. diagnosis,a.d.h.d.,diagnosis
firearms industry,firearms,industry
longer astronauts,longer,astronauts
usual labor hierarchy,usual,labor,hierarchy
black and hispanic women,black,and,hispanic,women
dr. john balbus,dr.,john,balbus
safeguarding health,safeguarding,health
unions
dr. weissman’s phone number,dr.,weissman’s,phone,number
native americans,native,americans
multiple facilities,multiple,facilities
used a.i. tool,used,a.i.,tool
"drug use
philadelphia",drug,use,philadelphia
dr. michael rutter,dr.,michael,rutter
dangerous viruses,dangerous,viruses
reliable and credible investigation,reliable,and,credible,investigation
cannabis information,cannabis,information
public health community,public,health,community
dr. judith herman,dr.,judith,herman
male-killing effect,male-killing,effect
ozempic
dr. putnam,dr.,putnam
dr. jeanne marrazzo,dr.,jeanne,marrazzo
esophagus
alcohol abuse,alcohol,abuse
enough wegovy,enough,wegovy
live virus,live,virus
ketamine clinic,ketamine,clinic
first malaria vaccine,first,malaria,vaccine
agency
many states,many,states
more than three dozen states,more,than,three,dozen,states
primary home,primary,home
injury
fast food workers,fast,food,workers
drug’s potential,drug’s,potential
home nurse,home,nurse
cancer patients,cancer,patients
government
laboratory medicine,laboratory,medicine
ms. mannix,ms.,mannix
harvard’s talking points,harvard’s,talking,points
overweight or obese people,overweight,or,obese,people
opioid crisis,opioid,crisis
umbilical cord,umbilical,cord
brain surgery,brain,surgery
persistent senior poverty,persistent,senior,poverty
dr. james mcgough,dr.,james,mcgough
hernia surgeons,hernia,surgeons
rejection
trash plague acapulco,trash,plague,acapulco
africa
mrna technology,mrna,technology
obesity drug wegovy,obesity,drug,wegovy
simple hernia repairs,simple,hernia,repairs
none
german physician dr. carl wunderlich,german,physician,dr.,carl,wunderlich
other cells,other,cells
excellent study,excellent,study
diverse database,diverse,database
dog owners,dog,owners
aide
own calorie requirements,own,calorie,requirements
shots
illness
dr. talbott’s career,dr.,talbott’s,career
wegovy’s net price,wegovy’s,net,price
treatment
first people,first,people
dr. shirokobrod,dr.,shirokobrod
other effects,other,effects
children’s immune systems,children’s,immune,systems
poor mental health days,poor,mental,health,days
unregulated tests,unregulated,tests
highest death rates,highest,death,rates
tumor cells,tumor,cells
tb team,tb,team
little hernia group,little,hernia,group
dr. benjamin s. carson,dr.,benjamin,s.,carson
peace corps practice,peace,corps,practice
information
more than 1.1 million covid deaths,more,than,1.1,million,covid,deaths
dr. fagan,dr.,fagan
vertex trial,vertex,trial
moderate hearing loss,moderate,hearing,loss
latino adolescents,latino,adolescents
disease’s progression,disease’s,progression
dr. francis s. collins,dr.,francis,s.,collins
meth
committee
ms. duran,ms.,duran
a.d.h.d. medication,a.d.h.d.,medication
daily alcohol consumption,daily,alcohol,consumption
"men
researchers",men,researchers
dr. schaffner,dr.,schaffner
mr. bigtree,mr.,bigtree
u.s.
unionized doctors,unionized,doctors
potential longevity drugs,potential,longevity,drugs
older men,older,men
colon cancer,colon,cancer
drug candidate,drug,candidate
many homes,many,homes
more medication,more,medication
space life,space,life
pharmacy workers,pharmacy,workers
covid deaths,covid,deaths
more than 400 people,more,than,400,people
sexual responses,sexual,responses
ill homeless people,ill,homeless,people
remaining five volunteers,remaining,five,volunteers
world’s leading infectious disease killer,world’s,leading,infectious,disease,killer
dr. pelham’s influence,dr.,pelham’s,influence
care plans,care,plans
higher birth weights,higher,birth,weights
acapulco
possible strike,possible,strike
"gaza
a mission",gaza,a,mission
virus’s evolutionary potential,virus’s,evolutionary,potential
approved program,approved,program
drs. karikó,drs.,karikó
lower levels,lower,levels
dr. rimm,dr.,rimm
obesity medication,obesity,medication
ms. brenoff’s husband,ms.,brenoff’s,husband
many years,many,years
"more than 700,000 cases",more,than,"700,000",cases
mr. kovtoniuk,mr.,kovtoniuk
additional cancers,additional,cancers
maternal health outcomes,maternal,health,outcomes
study
traditional weight loss,traditional,weight,loss
dating
coal exhaust,coal,exhaust
long-term care,long-term,care
health risks,health,risks
good and bad facilities,good,and,bad,facilities
children’s hospitals,children’s,hospitals
dangerous people,dangerous,people
defective gene,defective,gene
tumor
instagram
dr. shintani’s team,dr.,shintani’s,team
lab tests,lab,tests
"coma, dr. schiff","coma,",dr.,schiff
percent
dr. rettew,dr.,rettew
gay and bisexual men,gay,and,bisexual,men
more than two million customers,more,than,two,million,customers
ms. hall’s co,ms.,hall’s,co
a.i. program,a.i.,program
organ transplants,organ,transplants
dengue transmission,dengue,transmission
severe sexual problems,severe,sexual,problems
sick children,sick,children
soreness
hepatitis c.,hepatitis,c.
residents’ rooms,residents’,rooms
sacklers
other memories,other,memories
labor unrest,labor,unrest
reynolds
kaiser facilities,kaiser,facilities
online crowdfunding,online,crowdfunding
"poverty
benefits",poverty,benefits
alexandra’s insides,alexandra’s,insides
global aids program,global,aids,program
instagram’s impact,instagram’s,impact
scientists’ ability,scientists’,ability
dr. sravani alluri,dr.,sravani,alluri
ailing heart,ailing,heart
alcohol
such viruses,such,viruses
heat exposure,heat,exposure
blistering disease,blistering,disease
most western states,most,western,states
sickest patients,sickest,patients
sticker prices,sticker,prices
syphilis
dr
mutated flu virus,mutated,flu,virus
health outcomes,health,outcomes
lung cancer risks,lung,cancer,risks
formal heat standard,formal,heat,standard
dr. song,dr.,song
shorter life span,shorter,life,span
frail and sicker people,frail,and,sicker,people
ghanaian parents,ghanaian,parents
hernia component separation,hernia,component,separation
ms. alker,ms.,alker
u.s. rate,u.s.,rate
cassava sciences,cassava,sciences
dr. alia sharif,dr.,alia,sharif
cardiovascular disease,cardiovascular,disease
gaza’s health system,gaza’s,health,system
dr. sacks,dr.,sacks
child health,child,health
psychiatric disorders,psychiatric,disorders
more than a thousand adult workers,more,than,a,thousand,adult,workers
hospital covid unit,hospital,covid,unit
imported cases,imported,cases
dr. khan,dr.,khan
dementia seed,dementia,seed
life span,life,span
ms. retton’s daughter,ms.,retton’s,daughter
social security payments,social,security,payments
general surgeons,general,surgeons
research notebooks,research,notebooks
original surgeon,original,surgeon
such drug,such,drug
lung cancer diagnosis,lung,cancer,diagnosis
body temperature reading,body,temperature,reading
medicaid medications,medicaid,medications
mississippi lawsuit,mississippi,lawsuit
guidelines
mr. watts,mr.,watts
dr. eugene dickens,dr.,eugene,dickens
dr. frank lin,dr.,frank,lin
dr. jaimie henderson,dr.,jaimie,henderson
persistent depressive disorder,persistent,depressive,disorder
funding agencies,funding,agencies
actors’ union,actors’,union
vinyl blood bag,vinyl,blood,bag
kaiser’s ability,kaiser’s,ability
such sexual problems,such,sexual,problems
cordis
williams’s theory,williams’s,theory
many older americans,many,older,americans
longevity drug,longevity,drug
v.a. medical centers,v.a.,medical,centers
disease’s risks,disease’s,risks
psilocybin journeys,psilocybin,journeys
dr. mukhtar,dr.,mukhtar
new areas,new,areas
air quality,air,quality
other respiratory virus,other,respiratory,virus
boston children’s hospital,boston,children’s,hospital
officials
dr. margaret koziel,dr.,margaret,koziel
firearm suicide rate,firearm,suicide,rate
consumer criticism,consumer,criticism
law enforcement demands,law,enforcement,demands
psychedelics
hard workout,hard,workout
drug consumption facility,drug,consumption,facility
same children,same,children
other psychedelics,other,psychedelics
animal viruses,animal,viruses
cassava’s statement,cassava’s,statement
distinct side effects,distinct,side,effects
black babies,black,babies
horrible pain,horrible,pain
osha’s director,osha’s,director
sex problems,sex,problems
dr. john dipersio,dr.,john,dipersio
adults
many developing countries,many,developing,countries
blood cancers,blood,cancers
consumption sites,consumption,sites
maryland workers,maryland,workers
dog parks,dog,parks
man’s level,man’s,level
indoor air quality,indoor,air,quality
more cases,more,cases
law enforcement agencies,law,enforcement,agencies
high-dose
gene-edited chickens,gene-edited,chickens
a.i. development,a.i.,development
gaza strip,gaza,strip
weight loss medications,weight,loss,medications
mississippi ruling,mississippi,ruling
dr. taylor,dr.,taylor
club drug,club,drug
progression
home health aide,home,health,aide
teeth aligners,teeth,aligners
internet addiction,internet,addiction
long-term care policies,long-term,care,policies
mental health treatment,mental,health,treatment
leading hernia expert,leading,hernia,expert
supervised drug consumption sites,supervised,drug,consumption,sites
owners
new legislation,new,legislation
deadly viruses,deadly,viruses
drug’s development,drug’s,development
weakened virus,weakened,virus
virus levels,virus,levels
"long covid, serotonin",long,"covid,",serotonin
pig organ,pig,organ
ms. simonton,ms.,simonton
component separations,component,separations
consuming pain,consuming,pain
other unions,other,unions
obesity increases,obesity,increases
biological machine,biological,machine
dr. wunderlich,dr.,wunderlich
a.i.
assisted-living facility,assisted-living,facility
children’s hospital rooms,children’s,hospital,rooms
weight gain,weight,gain
work
component separation,component,separation
dr. pine,dr.,pine
mr. jackson’s office,mr.,jackson’s,office
care
lifesaving cancer treatment,lifesaving,cancer,treatment
umbilical cord blood,umbilical,cord,blood
health practitioners,health,practitioners
touch
shrinking dating pool,shrinking,dating,pool
nonexistent voice,nonexistent,voice
mental health conditions,mental,health,conditions
allina system,allina,system
rewards
acapulco’s many needs,acapulco’s,many,needs
inexpensive ketamine lozenges,inexpensive,ketamine,lozenges
more than eight million older americans,more,than,eight,million,older,americans
committee’s advice,committee’s,advice
dr. blatnik,dr.,blatnik
reported cases,reported,cases
u.s. list,u.s.,list
smiledirectclub
more than a dozen nursing homes,more,than,a,dozen,nursing,homes
kaiser’s stalemate,kaiser’s,stalemate
researchers
ongoing opioid crisis,ongoing,opioid,crisis
marijuana
consumer or health care provider,consumer,or,health,care,provider
long-term care help,long-term,care,help
pounds
children
little oversight,little,oversight
heart disease,heart,disease
dr. coovida,dr.,coovida
alexandra’s stomach,alexandra’s,stomach
other people’s sadness,other,people’s,sadness
wild virus,wild,virus
beleaguered food division,beleaguered,food,division
dr. lindauer,dr.,lindauer
dose
sickle cell disease,sickle,cell,disease
dr. coovadia,dr.,coovadia
lung cancer disparities,lung,cancer,disparities
abortion rights,abortion,rights
outbreak
unionized workers,unionized,workers
approved a.i. programs,approved,a.i.,programs
flavored e,flavored,e
war crimes,war,crimes
dr. brian jacob,dr.,brian,jacob
dr. oviedo,dr.,oviedo
mr. barrasso,mr.,barrasso
elevated temperatures,elevated,temperatures
senior dogs,senior,dogs
ms. cave’s case,ms.,cave’s,case
syphilis diagnoses,syphilis,diagnoses
more children,more,children
blood cell cancers,blood,cell,cancers
infants
routine vaccination,routine,vaccination
dr. mannix,dr.,mannix
much candy,much,candy
many workers,many,workers
metabolic disease,metabolic,disease
meth disorient,meth,disorient
state law,state,law
dr. gaur,dr.,gaur
suicide
dr. cavaleri,dr.,cavaleri
dr. marcela v. maus,dr.,marcela,v.,maus
many drugs,many,drugs
dr. david rettew,dr.,david,rettew
f.d.a
next pandemic virus,next,pandemic,virus
dr. ribeiro’s favorite,dr.,ribeiro’s,favorite
man’s health,man’s,health
institute
weight
annual deaths,annual,deaths
dr. silverstein,dr.,silverstein
french government,french,government
diabetes drug,diabetes,drug
mr. hickerson,mr.,hickerson
dr. topol,dr.,topol
nation’s life expectancy,nation’s,life,expectancy
world’s children,world’s,children
moths
potential treatment,potential,treatment
ischemic stroke,ischemic,stroke
flu
medicaid
mississippi schoolchildren,mississippi,schoolchildren
open drug use,open,drug,use
voice
traumatic memory,traumatic,memory
dr. salas,dr.,salas
power plants,power,plants
dengue infection,dengue,infection
mr. engelbert,mr.,engelbert
serious injury,serious,injury
ms. cave,ms.,cave
acute symptoms,acute,symptoms
abortion pills,abortion,pills
much will an aide cost,much,will,an,aide,cost
mystery illness,mystery,illness
severe malaria,severe,malaria
drinking guidelines,drinking,guidelines
older users,older,users
city
other surgeons,other,surgeons
breast and ovarian cancer,breast,and,ovarian,cancer
component separation surgery,component,separation,surgery
suicide rates,suicide,rates
cancer drugs,cancer,drugs
sperm banks,sperm,banks
cord
countries
heart attack,heart,attack
bruised and limping man,bruised,and,limping,man
dr. eric topol,dr.,eric,topol
failing workers,failing,workers
malaria data,malaria,data
strike
dr. kageyama,dr.,kageyama
dr. lakdawala,dr.,lakdawala
calorie burn,calorie,burn
displaced people,displaced,people
ms. frane,ms.,frane
regulatory oversight,regulatory,oversight
more workers,more,workers
dr. lin,dr.,lin
hair-straightening products,hair-straightening,products
current committee,current,committee
functioning birth centers,functioning,birth,centers
evacuation
ms. yarnell,ms.,yarnell
recalled prescription eyedrops,recalled,prescription,eyedrops
yourselves
shorter life spans,shorter,life,spans
new antibiotic,new,antibiotic
husband
people
ms. denton,ms.,denton
government’s fiercest critics,government’s,fiercest,critics
u.s. customs,u.s.,customs
supervised drug use site,supervised,drug,use,site
tb test,tb,test
health statistics,health,statistics
more than one virus,more,than,one,virus
brain stem,brain,stem
agencies
free treatment,free,treatment
"u.s.
electric cars",u.s.,electric,cars
dr. michael siegel,dr.,michael,siegel
malaria report,malaria,report
mr. pollan,mr.,pollan
major depressive disorder,major,depressive,disorder
ms. carrozzini,ms.,carrozzini
most hernia patients,most,hernia,patients
health committee,health,committee
compounded ketamine products,compounded,ketamine,products
kaiser’s hourly rate,kaiser’s,hourly,rate
dr. long’s tenure,dr.,long’s,tenure
dr. kenneth mukamal,dr.,kenneth,mukamal
named hostages,named,hostages
repeated malaria infections,repeated,malaria,infections
hepatitis treatment,hepatitis,treatment
pet owners,pet,owners
psychiatric therapy,psychiatric,therapy
"dry, itchy skin","dry,",itchy,skin
american hernia society,american,hernia,society
dr. friel,dr.,friel
other residents,other,residents
dr. green,dr.,green
first vaccination,first,vaccination
department
older americans,older,americans
most nursing homes,most,nursing,homes
"present experience
traumatic memories",present,experience,traumatic,memories
dr. abraham b. bergman,dr.,abraham,b.,bergman
gene-edited animals,gene-edited,animals
maternal deaths,maternal,deaths
birth center deliveries,birth,center,deliveries
firearm suicides,firearm,suicides
dr. trowbridge,dr.,trowbridge
world war ii,world,war,ii
insurance
china studies,china,studies
sperm
profound weight loss,profound,weight,loss
union leaders,union,leaders
global health,global,health
most tumor,most,tumor
original legislation,original,legislation
dr. melvin,dr.,melvin
hair transplant clinic,hair,transplant,clinic
israeli prisons,israeli,prisons
states
component separation technique,component,separation,technique
heart failure,heart,failure
crowdfunding
israeli official,israeli,official
california
parent company,parent,company
many unionized workers,many,unionized,workers
first raccoon,first,raccoon
suicides
hailed dr. long’s contributions,hailed,dr.,long’s,contributions
dietary guidelines advisory committee,dietary,guidelines,advisory,committee
high school students,high,school,students
patients
public health committee,public,health,committee
china’s leader,china’s,leader
unremitting pain,unremitting,pain
"more than 75,000 kaiser",more,than,"75,000",kaiser
company’s network,company’s,network
marijuana’s medicinal properties,marijuana’s,medicinal,properties
dissociation
anxiety symptoms,anxiety,symptoms
dr. griffiths’s paper,dr.,griffiths’s,paper
more than a dozen hernia surgeons,more,than,a,dozen,hernia,surgeons
health providers,health,providers
heart disease problem,heart,disease,problem
middle school use,middle,school,use
several particularly vulnerable hostages,several,particularly,vulnerable,hostages
food policy,food,policy
book
lung cancer rates,lung,cancer,rates
healthy people,healthy,people
withholding data,withholding,data
southern united states,southern,united,states
dr. nicholas schiff,dr.,nicholas,schiff
france
state’s health care workers,state’s,health,care,workers
company’s first union,company’s,first,union
southern gaza,southern,gaza
other long covid studies,other,long,covid,studies
fentanyl overdoses,fentanyl,overdoses
health officials,health,officials
dying people,dying,people
medicare advocacy,medicare,advocacy
kaiser officials,kaiser,officials
attacks
a.n.c. government,a.n.c.,government
downtown acapulco,downtown,acapulco
osha rule,osha,rule
e
test makers,test,makers
persistent sexual problems,persistent,sexual,problems
nontraditional families,nontraditional,families
poor health,poor,health
lower court order,lower,court,order
bankruptcy court,bankruptcy,court
own voice,own,voice
dr. alex green,dr.,alex,green
metal pieces,metal,pieces
dr. lori handy,dr.,lori,handy
dr. cohen,dr.,cohen
male patients,male,patients
only test,only,test
v.a
hamas incursion,hamas,incursion
firearm industry,firearm,industry
s.s.r.i.s report,s.s.r.i.s,report
first treatment,first,treatment
aids
health workers,health,workers
new drug,new,drug
new weight loss drug,new,weight,loss,drug
"run-down, often abusive state hospitals","run-down,",often,abusive,state,hospitals
prize
dr. renee mcdougall,dr.,renee,mcdougall
"more than 3,300 types",more,than,"3,300",types
appeals court decision,appeals,court,decision
physician-assisted suicide,physician-assisted,suicide
compensation
day’s heat,day’s,heat
destructive opioids,destructive,opioids
agency’s orders,agency’s,orders
intense pain,intense,pain
journal npj parkinson’s disease,journal,npj,parkinson’s,disease
long covid experience,long,covid,experience
disease
data
city’s tenderloin neighborhood,city’s,tenderloin,neighborhood
dr. paul trowbridge,dr.,paul,trowbridge
dietary guidelines,dietary,guidelines
v.a. hospital,v.a.,hospital
boulder county,boulder,county
food and drug administration’s regulation,food,and,drug,administration’s,regulation
dr. grube,dr.,grube
raccoon interactions,raccoon,interactions
other things,other,things
alabama
air
dr. schiff,dr.,schiff
protected states,protected,states
heart disease prevention,heart,disease,prevention
lifesaving program,lifesaving,program
brain tissue,brain,tissue
other vaccines,other,vaccines
esophageal pain,esophageal,pain
poor mental health,poor,mental,health
birth
kaiser’s work force,kaiser’s,work,force
dr. wunderlich’s sample,dr.,wunderlich’s,sample
dr. jones,dr.,jones
dr. john harold talbott,dr.,john,harold,talbott
effective drugs,effective,drugs
dr. sadiya khan,dr.,sadiya,khan
dementia prevention,dementia,prevention
mr. turner,mr.,turner
outside smoking,outside,smoking
johns hopkins medicine,johns,hopkins,medicine
"hurricane
residents",hurricane,residents
dr. dickens,dr.,dickens
ms. fitts,ms.,fitts
dr. ribeiro,dr.,ribeiro
brain death,brain,death
rare autoimmune disease,rare,autoimmune,disease
medicaid expansion,medicaid,expansion
infant mortality rate,infant,mortality,rate
struggling children,struggling,children
areas
human health,human,health
better care,better,care
very top,very,top
other control chickens,other,control,chickens
avalon’s homes,avalon’s,homes
many new types,many,new,types
public health experts,public,health,experts
volunteers
moderate loss,moderate,loss
day meth binge,day,meth,binge
dr. charlie shaffer,dr.,charlie,shaffer
serotonin levels,serotonin,levels
mississippi
white parents,white,parents
burning pain,burning,pain
kaiser permanente unions,kaiser,permanente,unions
many patients,many,patients
drugs’ effects,drugs’,effects
hernia
cases
dr. patrick j. connolly,dr.,patrick,j.,connolly
preterm birth,preterm,birth
international space station,international,space,station
small but statistically significant increase,small,but,statistically,significant,increase
such sensors,such,sensors
risk association,risk,association
additional f.d.a,additional,f.d.a
workout
drug manufacturers,drug,manufacturers
alcohol consumption,alcohol,consumption
viral infection,viral,infection
care bundle,care,bundle
hepatitis c prevalence,hepatitis,c,prevalence
more weight,more,weight
calorie needs,calorie,needs
smoking meth,smoking,meth
other treatment,other,treatment
dr. david grube,dr.,david,grube
americans’ prescription records,americans’,prescription,records
earth’s influence,earth’s,influence
janet ha,janet,ha
original hernia,original,hernia
alexandra’s mouth,alexandra’s,mouth
least 2 million children,least,2,million,children
labor action,labor,action
modern blood bag,modern,blood,bag
family caregivers,family,caregivers
tobacco and vaping products,tobacco,and,vaping,products
records
bush institute,bush,institute
last women,last,women
burning esophagus,burning,esophagus
man
people’s remains,people’s,remains
longtime residents,longtime,residents
cassava’s stock,cassava’s,stock
population health,population,health
canine life extension,canine,life,extension
teeth
extreme heat,extreme,heat
medications
chemical abortion drug regimen,chemical,abortion,drug,regimen
intangible rewards,intangible,rewards
dr. david spiegel,dr.,david,spiegel
meth run,meth,run
blood banks,blood,banks
sickle-cell disease,sickle-cell,disease
fewer years,fewer,years
medical crowdfunding,medical,crowdfunding
third day,third,day
home health aides,home,health,aides
dr. ehrenfeld,dr.,ehrenfeld
hepatitis diagnosis,hepatitis,diagnosis
state medicaid programs,state,medicaid,programs
treatment gaps,treatment,gaps
unspecified anxiety disorder,unspecified,anxiety,disorder
abortion
older adults,older,adults
south africans,south,africans
birth centers,birth,centers
other states,other,states
applicable rite aid branded products,applicable,rite,aid,branded,products
death rates,death,rates
mr. worz,mr.,worz
infant deaths,infant,deaths
fascinating paper,fascinating,paper
vulnerable people,vulnerable,people
mr. mbeki,mr.,mbeki
air filtration,air,filtration
years
better health outcomes,better,health,outcomes
dr. jyoti patel,dr.,jyoti,patel
individual cells,individual,cells
new covid-19 vaccine,new,covid-19,vaccine
surgeons
vaccinated people,vaccinated,people
firearms
uninsured people,uninsured,people
brain tumor samples,brain,tumor,samples
funding
air quality expert,air,quality,expert
safety program,safety,program
space mall,space,mall
france’s health minister,france’s,health,minister
pills
full-term and preterm newborns,full-term,and,preterm,newborns
experienced surgeons,experienced,surgeons
d.i.d
first book,first,book
other cell types,other,cell,types
desperate residents,desperate,residents
dr. kottler,dr.,kottler
blood pressure,blood,pressure
black patients,black,patients
previous federal funding,previous,federal,funding
medical cannabis,medical,cannabis
lasting sexual problems,lasting,sexual,problems
mrna
waging war,waging,war
supervised drug use,supervised,drug,use
own mrna,own,mrna
light drinking,light,drinking
study’s lead author,study’s,lead,author
pain
multiple sclerosis study,multiple,sclerosis,study
dengue branch,dengue,branch
individual coal-fired power plants,individual,coal-fired,power,plants
more dogs,more,dogs
behavioral modification,behavioral,modification
social media,social,media
weight loss drug tirzepatide,weight,loss,drug,tirzepatide
own skin,own,skin
f.d.a.’s decrees,f.d.a.’s,decrees
alexandra’s health,alexandra’s,health
much alcohol,much,alcohol
pediatric pneumonia cases,pediatric,pneumonia,cases
abortion pill access,abortion,pill,access
long-term medical care,long-term,medical,care
cassava’s founder,cassava’s,founder
ms
cancer death,cancer,death
bush’s institute,bush’s,institute
virus’s effect,virus’s,effect
women
other health care entities,other,health,care,entities
dr. michael rosen,dr.,michael,rosen
tumor’s dna,tumor’s,dna
long-term care insurance,long-term,care,insurance
more weight loss,more,weight,loss
home care association,home,care,association
h.i.v. care,h.i.v.,care
public health messages,public,health,messages
component separation surgeries,component,separation,surgeries
serotonin pathway,serotonin,pathway
health care companies,health,care,companies
country’s health,country’s,health
biggest public health advances,biggest,public,health,advances
immune cells,immune,cells
dr. long’s research,dr.,long’s,research
injury prevention,injury,prevention
congenital syphilis,congenital,syphilis
fertility variants,fertility,variants
multiple drugs,multiple,drugs
own health problems,own,health,problems
alabama lawmakers,alabama,lawmakers
such suicides,such,suicides
food database,food,database
sudan’s medical facilities,sudan’s,medical,facilities
obesity drugs,obesity,drugs
dr. leary,dr.,leary
caregivers
sensors
weight loss drug wegovy,weight,loss,drug,wegovy
lower drug prices,lower,drug,prices
more than 100 doctors,more,than,100,doctors
most nursing home residents,most,nursing,home,residents
more than 270 million people,more,than,270,million,people
cancer hospital,cancer,hospital
most serotonin,most,serotonin
respiratory virus,respiratory,virus
malaria tests,malaria,tests
successful obesity drug,successful,obesity,drug
dementia psychosis,dementia,psychosis
raccoons
astronauts
surgery’s effects,surgery’s,effects
dr. wang’s research,dr.,wang’s,research
awful disease,awful,disease
side effects,side,effects
recreational marijuana,recreational,marijuana
identified cells,identified,cells
doxy-pep’s use,doxy-pep’s,use
dr. roberts,dr.,roberts
dr. wang’s papers,dr.,wang’s,papers
cancer diagnosis,cancer,diagnosis
less than 2 percent,less,than,2,percent
more energy,more,energy
much virus,much,virus
blood cancer,blood,cancer
a.i
texas children’s hospital,texas,children’s,hospital
more than 40 states,more,than,40,states
american officials,american,officials
move
family’s teeth,family’s,teeth
allina
f.d.a.’s investigation,f.d.a.’s,investigation
early cases,early,cases
urban areas,urban,areas
medication
vertex clinical trial patients,vertex,clinical,trial,patients
ptsd
gene
"pills
older people",pills,older,people
large hernia,large,hernia
averted strike,averted,strike
nonfatal gunshot wounds,nonfatal,gunshot,wounds
other midwives,other,midwives
drug
senate health committee,senate,health,committee
other birth centers,other,birth,centers
preventive drugs,preventive,drugs
compounded oral ketamine,compounded,oral,ketamine
infant and maternal mortality,infant,and,maternal,mortality
dr. stolle,dr.,stolle
air quality experts,air,quality,experts
many dog owners,many,dog,owners
underlying severe heart disease,underlying,severe,heart,disease
peace corps,peace,corps
dr. matt hoffman,dr.,matt,hoffman
state mental hospitals,state,mental,hospitals
gaza
johns hopkins biography,johns,hopkins,biography
dr. rebekah mannix,dr.,rebekah,mannix
nasa astronauts,nasa,astronauts
representative longitudinal survey,representative,longitudinal,survey
front
people’s desire,people’s,desire
other people,other,people
sickle cell,sickle,cell
gifted people,gifted,people
clinical trial patients,clinical,trial,patients
firearm safety,firearm,safety
peace corps volunteer,peace,corps,volunteer
breast cancer,breast,cancer
"pandemic, life expectancy","pandemic,",life,expectancy
johns hopkins,johns,hopkins
space
federal court,federal,court
pest insects,pest,insects
hungry raccoons,hungry,raccoons
behavioral-modification techniques,behavioral-modification,techniques
other areas,other,areas
climate action,climate,action
congress
first infection,first,infection
mr. redman,mr.,redman
lower prices,lower,prices
staffing
state’s vaccination requirement,state’s,vaccination,requirement
good quality life,good,quality,life
dr. laura bachmann,dr.,laura,bachmann
vertex
health
jan
higher weight,higher,weight
countless americans,countless,americans
newsletter
scan
peace corps applicants,peace,corps,applicants
f.d.a.’s original approval,f.d.a.’s,original,approval
grieving parents,grieving,parents
other climate problems,other,climate,problems
metal
substantial weight loss,substantial,weight,loss
cells
f.d.a.’s approval,f.d.a.’s,approval
energy levels,energy,levels
homeless people,homeless,people
ms. havekost,ms.,havekost
significant research misconduct,significant,research,misconduct
gunshot
federal appeals court,federal,appeals,court
average human body temperature,average,human,body,temperature
prescription records,prescription,records
low rewards,low,rewards
variable and partial gravity,variable,and,partial,gravity
control
psychiatric use,psychiatric,use
new infant mortality figures,new,infant,mortality,figures
"news
health workers",news,health,workers
applicants
nursing
dengue
kaminski
general surgeon,general,surgeon
heterosexual women,heterosexual,women
hernia patients,hernia,patients
other difficult-to-treat mental health problems,other,difficult-to-treat,mental,health,problems
garbage
most people,most,people
cuny halts investigation,cuny,halts,investigation
method
prize announcements,prize,announcements
hernia repairs,hernia,repairs
sites
dr. carl w. walter,dr.,carl,w.,walter
a.i. research,a.i.,research
actual health outcomes,actual,health,outcomes
medical facilities,medical,facilities
food sticking,food,sticking
court’s decision,court’s,decision
johns hopkins’ decision,johns,hopkins’,decision
hair products,hair,products
new patients,new,patients
parkinson’s disease,parkinson’s,disease
older patients,older,patients
dr. wilke,dr.,wilke
harvard cozies,harvard,cozies
popular weight-loss drug,popular,weight-loss,drug
doctors
dr. erbelding,dr.,erbelding
critical health care duties,critical,health,care,duties
dr. sawyer,dr.,sawyer
law
cuny
eye care products,eye,care,products
dr. frumkin,dr.,frumkin
slight increase,slight,increase
similar evacuation,similar,evacuation
dr. jesse ehrenfeld,dr.,jesse,ehrenfeld
less than 1 percent,less,than,1,percent
unpaid caregivers,unpaid,caregivers
traditional cigarettes,traditional,cigarettes
mr. yiannas,mr.,yiannas
government scientists,government,scientists
similar problems,similar,problems
mental health symptoms,mental,health,symptoms
dr. henderson,dr.,henderson
western alabama,western,alabama
"other, similar tests","other,",similar,tests
disembodied voice,disembodied,voice
many dogs,many,dogs
anger
public health,public,health
ingest meth,ingest,meth
dr. wachter,dr.,wachter
many parents,many,parents
brainwide network,brainwide,network
raccoon roundup,raccoon,roundup
medicaid rolls,medicaid,rolls
day challenge,day,challenge
suicidal patients,suicidal,patients
early gene editing,early,gene,editing
young children,young,children
drug use,drug,use
st. louis,st.,louis
sickle cell patients,sickle,cell,patients
doxy-pep
body weight,body,weight
oral temperatures,oral,temperatures
dementia
boulder’s downtown park,boulder’s,downtown,park
ms. simonton’s lawsuit,ms.,simonton’s,lawsuit
several midwives,several,midwives
minor oral injury,minor,oral,injury
dr. megan ranney,dr.,megan,ranney
children’s plight,children’s,plight
cancer treatment,cancer,treatment
endocrinologist strode,endocrinologist,strode
husband’s father,husband’s,father
tight labor market,tight,labor,market
raccoon’s nose,raccoon’s,nose
physician assisted suicide,physician,assisted,suicide
nobel prize,nobel,prize
dr. chiadi ndumele,dr.,chiadi,ndumele
more than 115 attacks,more,than,115,attacks
sex
midwives
abortion access,abortion,access
a.i. programs,a.i.,programs
routine immunization programs,routine,immunization,programs
average life expectancy,average,life,expectancy
brain study,brain,study
dengue cases,dengue,cases
respiratory syncytial virus,respiratory,syncytial,virus
dr. bernadine p. healy,dr.,bernadine,p.,healy
harvard faculty,harvard,faculty
drugs
entire tumor,entire,tumor
middle and high school students,middle,and,high,school,students
dozen unions,dozen,unions
heat
expert scientists,expert,scientists
medication uptake,medication,uptake
children’s artwork,children’s,artwork
clean air,clean,air
dr. daniel skovronsky,dr.,daniel,skovronsky
dissociative amnesia,dissociative,amnesia
opioid use disorder,opioid,use,disorder
al-rantisi’s young cancer patients,al-rantisi’s,young,cancer,patients
death
severe dengue,severe,dengue
dr. sriyesh krishnan,dr.,sriyesh,krishnan
american diabetes association,american,diabetes,association
full or partial heat exposure,full,or,partial,heat,exposure
federal officials,federal,officials
life’s final moments,life’s,final,moments
free will,free,will
red food dye,red,food,dye
paper covid-19 cards,paper,covid-19,cards
analysis’ definition,analysis’,definition
immediate cord,immediate,cord
more than 70 percent,more,than,70,percent
opioid tragedy,opioid,tragedy
men
dr. zhang,dr.,zhang
obesity drug,obesity,drug
tb infections,tb,infections
union campaign,union,campaign
dr. parsonnet,dr.,parsonnet
increased births,increased,births
hearing
climate
dr. murphy,dr.,murphy
more than 70 obesity drugs,more,than,70,obesity,drugs
more cell types,more,cell,types
many calories,many,calories
medicaid programs,medicaid,programs
lower dose,lower,dose
several hundred people,several,hundred,people
behavioral modification therapy,behavioral,modification,therapy
nobel prize organization,nobel,prize,organization
psilocybin mushrooms,psilocybin,mushrooms
animal’s life,animal’s,life
facility’s history,facility’s,history
hispanic and latino people,hispanic,and,latino,people
dr. helen chu,dr.,helen,chu
mental health law,mental,health,law
obesity
labor disputes,labor,disputes
internet gaming addiction,internet,gaming,addiction
disorders
most children,most,children
raccoon territory,raccoon,territory
mr. biden’s desk,mr.,biden’s,desk
duke university,duke,university
public health researcher,public,health,researcher
eyedrops
good agency,good,agency
viral campaigns,viral,campaigns
younger women,younger,women
u.s. capitol,u.s.,capitol
parallel hepatitis c programs,parallel,hepatitis,c,programs
mr. kelly,mr.,kelly
various psychiatric problems,various,psychiatric,problems
mr. soto’s employer,mr.,soto’s,employer
new products,new,products
dr. wunderlich’s conclusions,dr.,wunderlich’s,conclusions
dr. blustein,dr.,blustein
high levels,high,levels
dr. coovadia’s death,dr.,coovadia’s,death
policies
dr. prather,dr.,prather
reported syphilis cases,reported,syphilis,cases
sick people,sick,people
care plan,care,plan
confirmation hearing,confirmation,hearing
tobacco moths,tobacco,moths
dr. jan blustein,dr.,jan,blustein
long-term care insurers,long-term,care,insurers
reports
college’s president,college’s,president
firearm
data editor,data,editor
dry skin,dry,skin
dr. griffiths,dr.,griffiths
different mental health concerns,different,mental,health,concerns
most symptoms,most,symptoms
tech sales people,tech,sales,people
facility’s workers,facility’s,workers
product
dr. walsh,dr.,walsh
products
brain implant,brain,implant
life histories,life,histories
long life,long,life
dr. manica balasegaram,dr.,manica,balasegaram
other nursing homes,other,nursing,homes
lung cancer specialist,lung,cancer,specialist
variants
dr. melanie taylor,dr.,melanie,taylor
many health conditions,many,health,conditions
more air,more,air
"more than 1,100 attacks",more,than,"1,100",attacks
mr. ecker,mr.,ecker
mr. goldstein,mr.,goldstein
part
"more than 4,500 children",more,than,"4,500",children
quarter of a million americans,quarter,of,a,million,americans
committee members,committee,members
covid vaccine,covid,vaccine
severe obesity,severe,obesity
free treatment program,free,treatment,program
own memories,own,memories
rectal temperatures,rectal,temperatures
flu victims,flu,victims
dr. daniel pine,dr.,daniel,pine
survey
normal” human body temperature,normal”,human,body,temperature
sexual effects subside,sexual,effects,subside
bad health outcomes,bad,health,outcomes
bad component separation surgery,bad,component,separation,surgery
dr. coovadia’s daughter,dr.,coovadia’s,daughter
dr. deborah silverstein,dr.,deborah,silverstein
sids death,sids,death
mr. mandela,mr.,mandela
committee member,committee,member
moderate drinking protects,moderate,drinking,protects
israeli physician,israeli,physician
independent residents,independent,residents
russian attacks,russian,attacks
illicit drugs,illicit,drugs
ms. plimpton dreams,ms.,plimpton,dreams
dr. hurst,dr.,hurst
long-term care benefit,long-term,care,benefit
long-term care needs,long-term,care,needs
dr. kathiresan,dr.,kathiresan
disentangle weight,disentangle,weight
stroke risk,stroke,risk
dr. dattner,dr.,dattner
parents
nursing home residents,nursing,home,residents
official poverty rate,official,poverty,rate
. epidemic,.,epidemic
top
hamas
crimes
purkinje cells,purkinje,cells
cognitive health,cognitive,health
ms. young,ms.,young
traumatic memories,traumatic,memories
flu virus hijacks,flu,virus,hijacks
other benefits,other,benefits
harvard university,harvard,university
mr. siri,mr.,siri
charming people,charming,people
dr. pelham’s conclusions,dr.,pelham’s,conclusions
old paper cards,old,paper,cards
medical services,medical,services
serious cases,serious,cases
canada’s long-term care system,canada’s,long-term,care,system
tumors
food division,food,division
observed risk,observed,risk
christina ragsdale’s children,christina,ragsdale’s,children
dr. patel,dr.,patel
gun owners,gun,owners
own sickle cell gene therapies,own,sickle,cell,gene,therapies
intergenerational housing,intergenerational,housing
mr. faucette’s transplanted heart,mr.,faucette’s,transplanted,heart
senior housing,senior,housing
experienced surgeon,experienced,surgeon
inside chickens,inside,chickens
hestia cigarettes,hestia,cigarettes
many more children,many,more,children
dr. ribeiro’s daughter,dr.,ribeiro’s,daughter
male-killing viruses,male-killing,viruses
government officials,government,officials
blood test,blood,test
strange blisters,strange,blisters
ms. evans,ms.,evans
housing
fellow and housing researcher,fellow,and,housing,researcher
ms. retton’s daughters,ms.,retton’s,daughters
eoe
outdoor workers,outdoor,workers
anna maria siega-riz,anna,maria,siega-riz
smoking rates,smoking,rates
fewer than 300 people,fewer,than,300,people
a.i. field,a.i.,field
vaccination
dr. amy locke,dr.,amy,locke
new report,new,report
union officials,union,officials
hernia surgeon,hernia,surgeon
male tobacco moths,male,tobacco,moths
loss
unidentified canine respiratory illness,unidentified,canine,respiratory,illness
ms. mahler,ms.,mahler
seattle children’s hospital,seattle,children’s,hospital
exhaustive report,exhaustive,report
central oregon city,central,oregon,city
private long-term care insurance,private,long-term,care,insurance
consistent hearing-aid use,consistent,hearing-aid,use
quality
asian and hispanic women,asian,and,hispanic,women
poverty rates,poverty,rates
dr. matthew wynia,dr.,matthew,wynia
dr. toni gross,dr.,toni,gross
covid
brain cells,brain,cells
neurosurgery thanks,neurosurgery,thanks
dr. stuart ray,dr.,stuart,ray
u.s. dietary guidelines,u.s.,dietary,guidelines
health effects,health,effects
next workout,next,workout
agency officials,agency,officials
poverty rate,poverty,rate
innovative sickle cell cure,innovative,sickle,cell,cure
body’s weight,body’s,weight
dr. bagdasarian,dr.,bagdasarian
medical clearance,medical,clearance
mental health problems,mental,health,problems
tests
other sexual problems,other,sexual,problems
"deadly
deaths",deadly,deaths
dr. shuren,dr.,shuren
plants
dr. milton,dr.,milton
opioid victims,opioid,victims
dr. debra houry,dr.,debra,houry
extra weight,extra,weight
dedicated health care workers,dedicated,health,care,workers
campaigns
immunization
greet dr. helmstetter,greet,dr.,helmstetter
many surgeons,many,surgeons
pieces
different dogs,different,dogs
recent years,recent,years
company research,company,research
medicaid recipients,medicaid,recipients
"large, adult dogs","large,",adult,dogs
brain tumors,brain,tumors
average 15 percent weight loss,average,15,percent,weight,loss
other insects,other,insects
rural areas,rural,areas
quality hearing aids,quality,hearing,aids
"dr. murphy’s safe, reliable blood bag",dr.,murphy’s,"safe,",reliable,blood,bag
dr. siega-riz,dr.,siega-riz
enough time,enough,time
diabetes
community psychiatry,community,psychiatry
more caregivers,more,caregivers
stage 4 colon cancer,stage,4,colon,cancer
mouth and throat cancer,mouth,and,throat,cancer
sickle cell shortens,sickle,cell,shortens
second meth epidemic,second,meth,epidemic
robotic component separation,robotic,component,separation
park
health care,health,care
alabama’s longstanding aversion,alabama’s,longstanding,aversion
h.i.v. treatment,h.i.v.,treatment
more than 60 percent,more,than,60,percent
old blisters,old,blisters
behavioral therapy,behavioral,therapy
gun death,gun,death
hair
healthy life span extension,healthy,life,span,extension
kaiser workers,kaiser,workers
hepatitis c,hepatitis,c
consumers
only people,only,people
coal-fired power plants,coal-fired,power,plants
gene-editing technology,gene-editing,technology
calorie
maryland
indoor air pollution,indoor,air,pollution
dr. bachmann,dr.,bachmann
compounded ketamine,compounded,ketamine
excess deaths,excess,deaths
prices
moderate drinking,moderate,drinking
online dating,online,dating
mental health diagnosis,mental,health,diagnosis
ms. schuman,ms.,schuman
dr. florez,dr.,florez
skin infection,skin,infection
higher dose,higher,dose
cannabis users,cannabis,users
tb test and treatment prices,tb,test,and,treatment,prices
more blisters,more,blisters
transient ischemic stroke,transient,ischemic,stroke
williams
lawsuit
attributable risk,attributable,risk
middle school students,middle,school,students
kaiser’s labs,kaiser’s,labs
american nurses association,american,nurses,association
breeding areas,breeding,areas
dr. forde,dr.,forde
standard method,standard,method
white people,white,people
dr. nic helmstetter,dr.,nic,helmstetter
vertex treatment,vertex,treatment
dissociative state,dissociative,state
legislation
infant mortality rates,infant,mortality,rates
allina facility,allina,facility
enough virus,enough,virus
uterine cancer,uterine,cancer
failed component separation,failed,component,separation
u.s. officials,u.s.,officials
ms. basch,ms.,basch
most young people,most,young,people
dr. patricia whitley-williams,dr.,patricia,whitley-williams
social media sites,social,media,sites
college
fresh brain tissue,fresh,brain,tissue
most assisted-living facilities,most,assisted-living,facilities
infected children,infected,children
unidentified food,unidentified,food
lingering symptoms,lingering,symptoms
mr. macdonald,mr.,macdonald
enough people,enough,people
large dogs,large,dogs
rotten garbage,rotten,garbage
food industry,food,industry
life expectancy,life,expectancy
between
teeth-straightening devices,teeth-straightening,devices
kaiser clinic,kaiser,clinic
home health care,home,health,care
nursing assistant,nursing,assistant
larger study,larger,study
nobel peace prize,nobel,peace,prize
research
ms. scott,ms.,scott
unknown animal viruses,unknown,animal,viruses
f.d.a. commissioner,f.d.a.,commissioner
birth center,birth,center
ms. little,ms.,little
anxiety
donor
highland areas,highland,areas
advanced cordis pacemaker,advanced,cordis,pacemaker
meth use,meth,use
vaccine rollout,vaccine,rollout
city’s landfill,city’s,landfill
nation’s infant mortality rate,nation’s,infant,mortality,rate
long covid — biological changes,long,covid,—,biological,changes
dr. mackowiak,dr.,mackowiak
improved air quality,improved,air,quality
state health department,state,health,department
dr. chana sacks,dr.,chana,sacks
dr. dana telem,dr.,dana,telem
falling prices,falling,prices
doctors council,doctors,council
detailed diagnosis,detailed,diagnosis
dr. daniel ngamije,dr.,daniel,ngamije
well newsletter,well,newsletter
nursing home employees,nursing,home,employees
more firearm suicides,more,firearm,suicides
infant mortality,infant,mortality
union
human cells,human,cells
dr. hannig,dr.,hannig
heat waves,heat,waves
gonorrhea
ms. lucas,ms.,lucas
therapy
young and healthy people,young,and,healthy,people
state
ms. livovich,ms.,livovich
r.j. reynolds menthol,r.j.,reynolds,menthol
best vaccine,best,vaccine
severe brain injuries,severe,brain,injuries
health promotion,health,promotion
oregon
medicaid coverage,medicaid,coverage
other space-tourism operators,other,space-tourism,operators
fewer older adults,fewer,older,adults
"paradigm shift

indoor air quality",paradigm,shift,indoor,air,quality
dr. eric rimm,dr.,eric,rimm
hostile space,hostile,space
symptoms
own children,own,children
taxing workout,taxing,workout
record heat,record,heat
test maker,test,maker
columbia university center,columbia,university,center
top infectious disease killer,top,infectious,disease,killer
former top f.d.a. food official,former,top,f.d.a.,food,official
air filters,air,filters
gene editing,gene,editing
patient medical records,patient,medical,records
more men,more,men
dr. cheng,dr.,cheng
dr. peter piot,dr.,peter,piot
deaths
own health,own,health
dr. narjust florez,dr.,narjust,florez
record-setting heat,record-setting,heat
life insurance,life,insurance
yours
diagnosis
medical records,medical,records
antibiotic
food oversight,food,oversight
levels
nagging pain,nagging,pain
opioids
infection
social security benefits,social,security,benefits
ms. plimpton’s investigation,ms.,plimpton’s,investigation
blisters
mutations
meta
striking workers,striking,workers
ms. livovich’s team,ms.,livovich’s,team
survey interview,survey,interview
more than 10 million human brain cells,more,than,10,million,human,brain,cells
dr. sette,dr.,sette
fellow priest,fellow,priest
other common respiratory symptoms,other,common,respiratory,symptoms
new heart,new,heart
dr. edward e. walsh,dr.,edward,e.,walsh
chemical abortion drugs,chemical,abortion,drugs
children’s hospital,children’s,hospital
ms. alpern,ms.,alpern
sickle cell’s impact,sickle,cell’s,impact
public health departments,public,health,departments
new viruses,new,viruses
tirzepatide
important health care choices,important,health,care,choices
hair movements,hair,movements
latest vaccine,latest,vaccine
dr. sekar kathiresan,dr.,sekar,kathiresan
cincinnati children’s hospital,cincinnati,children’s,hospital
dirty indoor air,dirty,indoor,air
allina health,allina,health
dengue fever,dengue,fever
male-killer
funding virus research,funding,virus,research
coal pollution,coal,pollution
state’s insurance department,state’s,insurance,department
real health outcomes,real,health,outcomes
china’s westernmost region,china’s,westernmost,region
"desperation

ms. livovich",desperation,ms.,livovich
mickey mouse hernia,mickey,mouse,hernia
health care unions,health,care,unions
senior poverty rates,senior,poverty,rates
male-killers
sickle-cell treatment,sickle-cell,treatment
high-dose flu vaccine,high-dose,flu,vaccine
babies
abortion landscape,abortion,landscape
uncollected garbage,uncollected,garbage
medication rates,medication,rates
workers
schools
dozen astronauts,dozen,astronauts
fewer treatment options,fewer,treatment,options
children’s weight,children’s,weight
average human temperature,average,human,temperature
harvard’s material,harvard’s,material
peace corps invitations,peace,corps,invitations
sense
f.d.a. oversight authority,f.d.a.,oversight,authority
health benefits,health,benefits
life expectancy gap,life,expectancy,gap
bags
health worker strike,health,worker,strike
standard childhood vaccines,standard,childhood,vaccines
new obesity drug,new,obesity,drug
unlucky few people,unlucky,few,people
health ministers,health,ministers
"more than 25,000 people",more,than,"25,000",people
investigation
drug consumption site,drug,consumption,site
dr. david kimberlin,dr.,david,kimberlin
few intact blisters,few,intact,blisters
global cases,global,cases
dr. howard frumkin,dr.,howard,frumkin
certain food groups,certain,food,groups
hearing voices,hearing,voices
own drugs,own,drugs
"long covid

a team",long,covid,a,team
pediatric obesity medicine,pediatric,obesity,medicine
menthol cigarettes,menthol,cigarettes
housing studies,housing,studies
syphilis diagnosis,syphilis,diagnosis
agency investigators,agency,investigators
u.s. department,u.s.,department
mississippi’s current practice,mississippi’s,current,practice
heterosexual cisgender men,heterosexual,cisgender,men
other young cancer patients,other,young,cancer,patients
genetic health,genetic,health
rite aid,rite,aid
new cancers,new,cancers
formaldehyde vapor,formaldehyde,vapor
facilities
researchers’ collaborators,researchers’,collaborators
heart attacks,heart,attacks
"activism
mississippi",activism,mississippi
dr. cora walsh,dr.,cora,walsh
dr. renee salas,dr.,renee,salas
dr. charu aggarwal,dr.,charu,aggarwal
apartheid government,apartheid,government
fragile mrna molecules,fragile,mrna,molecules
enough weight,enough,weight
chronic brain injuries,chronic,brain,injuries
research funding,research,funding
common and well-known dissociative disorders,common,and,well-known,dissociative,disorders
telehealth company,telehealth,company
unprotected sex,unprotected,sex
alabama’s black belt,alabama’s,black,belt
day energy challenge,day,energy,challenge
home states,home,states
oral antibiotic,oral,antibiotic
"more than 17,000 customers",more,than,"17,000",customers
most airport workers,most,airport,workers
health economist,health,economist
new shots,new,shots
hearing loss association,hearing,loss,association
malarial areas,malarial,areas
home care services,home,care,services
sperm donors,sperm,donors
dr. antoniades,dr.,antoniades
peaceful death,peaceful,death
doctors’ concerns,doctors’,concerns
new drugs,new,drugs
preliminary ruling,preliminary,ruling
mortality rates,mortality,rates
dr. stanford shulman,dr.,stanford,shulman
free agents,free,agents
in
r.j. reynolds,r.j.,reynolds
lower esophagus,lower,esophagus
dr. poland,dr.,poland
high school vaping rates,high,school,vaping,rates
dr. fang,dr.,fang
egypt’s minister,egypt’s,minister
space settlements,space,settlements
new obesity drugs,new,obesity,drugs
labor organizing,labor,organizing
supervised consumption sites,supervised,consumption,sites
formal union,formal,union
dr. julie parsonnet,dr.,julie,parsonnet
"important
the dietary guidelines",important,the,dietary,guidelines
h.h.s. division,h.h.s.,division
local health workers,local,health,workers
mr. o’connor,mr.,o’connor
lung cancer cases,lung,cancer,cases
cannabis plant,cannabis,plant
mental health tiktok,mental,health,tiktok
prescription drugs,prescription,drugs
greenhouse moths,greenhouse,moths
new method,new,method
city’s 507 neighborhoods,city’s,507,neighborhoods
climate change,climate,change
black people,black,people
dr. laureys,dr.,laureys
network
gunshot wound,gunshot,wound
surgery’s effectiveness,surgery’s,effectiveness
allura red,allura,red
dr. maus,dr.,maus
oregon voters,oregon,voters
gene editing chickens,gene,editing,chickens
licensed midwives,licensed,midwives
animal drugs,animal,drugs
excess weight,excess,weight
hearing aids,hearing,aids
dr. griffiths’s research,dr.,griffiths’s,research
social security,social,security
dr. monica m. bertagnolli,dr.,monica,m.,bertagnolli
committee discussions,committee,discussions
endometrial cancer,endometrial,cancer
red blood cells,red,blood,cells
pharmacy staff workers,pharmacy,staff,workers
certain lab tests,certain,lab,tests
children’s body weight,children’s,body,weight
flu vaccine,flu,vaccine
sociology and labor studies,sociology,and,labor,studies
intense therapy,intense,therapy
mild cold virus,mild,cold,virus
more than five million children,more,than,five,million,children
memories
contingency workers,contingency,workers
dr. ferric fang,dr.,ferric,fang
china’s transparency,china’s,transparency
defining public health crisis,defining,public,health,crisis
extreme pain,extreme,pain
long covid,long,covid
hybrid policies,hybrid,policies
american public health association,american,public,health,association
single parents,single,parents
china’s foreign ministry,china’s,foreign,ministry
most long-term care,most,long-term,care
harvard
midpriced hearing aids,midpriced,hearing,aids
long covid patients,long,covid,patients
gene editor,gene,editor
fewer calories,fewer,calories
dr. sutton’s updated submission,dr.,sutton’s,updated,submission
various state agencies,various,state,agencies
biggest cannabis brands,biggest,cannabis,brands
black children,black,children
state’s schools,state’s,schools
database
treatment rates,treatment,rates
dr. apoena ribeiro,dr.,apoena,ribeiro
dr. steven laureys,dr.,steven,laureys
tangible rewards,tangible,rewards
mental illness,mental,illness
no
more compensation,more,compensation
a.d.h.d
asian and black adolescents,asian,and,black,adolescents
extended families,extended,families
priest’s discharge,priest’s,discharge
sickle shape,sickle,shape
most weight loss,most,weight,loss
dr. rodolfo oviedo,dr.,rodolfo,oviedo
"rise
major depressive disorder",rise,major,depressive,disorder
many owners,many,owners
kaiser’s hospitals,kaiser’s,hospitals
f.d.a. process,f.d.a.,process
"news
few americans",news,few,americans
ms. su,ms.,su
cigarettes
patients’ pharmacy records,patients’,pharmacy,records
dr. mukamal,dr.,mukamal
female-killer
mr. johnson,mr.,johnson
medicare patient deaths,medicare,patient,deaths
poorer patients,poorer,patients
endocrinologist
social research,social,research
smaller risk,smaller,risk
harvard research,harvard,research
a.i. software programs,a.i.,software,programs
liver cancer,liver,cancer
cognitive decline,cognitive,decline
whole body,whole,body
appeals court,appeals,court
dr. weissman’s lab,dr.,weissman’s,lab
people’s average temperature,people’s,average,temperature
types
school
dr. david shaffer,dr.,david,shaffer
dr. powe,dr.,powe
neurotransmitters
more than 800 health care workers,more,than,800,health,care,workers
super meth,super,meth
poverty level,poverty,level
more and more surgeons,more,and,more,surgeons
chinese data,chinese,data
new treatment sites,new,treatment,sites
health care facilities,health,care,facilities
day
city college,city,college
dr. parsonnet’s mother,dr.,parsonnet’s,mother
online abortion pills,online,abortion,pills
control chickens,control,chickens
tb
smoking
vaccine
dr. sutton,dr.,sutton
ms. retton,ms.,retton
health care use,health,care,use
ms. warren,ms.,warren
cassava stocks,cassava,stocks
final guidelines,final,guidelines
psilocybin experience,psilocybin,experience
vanity drugs,vanity,drugs
u.s
few americans,few,americans
male-killing virus,male-killing,virus
preterm newborns,preterm,newborns
dr. urnov,dr.,urnov
new malaria vaccine,new,malaria,vaccine
richer patients,richer,patients
city officials,city,officials
wounds
time
supervised drug consumption,supervised,drug,consumption
common covid symptoms,common,covid,symptoms
earth’s pull,earth’s,pull
malaria cases,malaria,cases
mr. faucette’s last wish,mr.,faucette’s,last,wish
highest performing campaigns,highest,performing,campaigns
many preterm babies,many,preterm,babies
a.i. tools,a.i.,tools
space travelers,space,travelers
preventive medicine,preventive,medicine
tobacco” generation,tobacco”,generation
downtown park,downtown,park
birth parents,birth,parents
viral male-killers,viral,male-killers
upper weight limits,upper,weight,limits
tb program,tb,program
w.h.o
dr. gulati,dr.,gulati
patients’ doors,patients’,doors
new vaccine,new,vaccine
medicaid services,medicaid,services
union’s bargaining team,union’s,bargaining,team
psilocybin
paper covid vaccination cards,paper,covid,vaccination,cards
healthy young people,healthy,young,people
a.i. developers,a.i.,developers
u.s. fentanyl,u.s.,fentanyl
serotonin reduction,serotonin,reduction
mr. shaffer’s first marriage,mr.,shaffer’s,first,marriage
sickle cell gene therapy,sickle,cell,gene,therapy
uninsured americans,uninsured,americans
national peace corps association,national,peace,corps,association
medicare
dr. jerry coovadia,dr.,jerry,coovadia
western oregon,western,oregon
diabetes meeting,diabetes,meeting
prescribed medications,prescribed,medications
program
allina health system,allina,health,system
asian adolescents,asian,adolescents
voices
scientists
johns hopkins university,johns,hopkins,university
surgery
tiktok mental health influencer,tiktok,mental,health,influencer
standing birth centers,standing,birth,centers
health halo,health,halo
dr. wang’s responses,dr.,wang’s,responses
ms. hall,ms.,hall
uninsured children,uninsured,children
single treatment,single,treatment
machine
"black, hispanic and indigenous older americans","black,",hispanic,and,indigenous,older,americans
many space travelers,many,space,travelers
while
armed hamas terrorists,armed,hamas,terrorists
inquiry
new blood cancers,new,blood,cancers
average social security retirement benefit,average,social,security,retirement,benefit
tumor types,tumor,types
new treatment,new,treatment
aids program,aids,program
dr. handy,dr.,handy
abortion bans,abortion,bans
stronger blood-pressure medications,stronger,blood-pressure,medications
fentanyl precursors,fentanyl,precursors
cancers
sids
agency’s current guidance,agency’s,current,guidance
ms. wintour,ms.,wintour
alexandra
long covid or different biological indicators,long,covid,or,different,biological,indicators
single gene,single,gene
dr. marrazzo,dr.,marrazzo
dr. hamed,dr.,hamed
related data set,related,data,set
candy
long-term care services,long-term,care,services
kaiser official,kaiser,official
specific home care agencies,specific,home,care,agencies
mandatory long-term care insurance,mandatory,long-term,care,insurance
agency’s current timeline,agency’s,current,timeline
mississippi state board,mississippi,state,board
preterm babies,preterm,babies
adult moths,adult,moths
major international report,major,international,report
man’s heart,man’s,heart
peace corps’s top priority,peace,corps’s,top,priority
dr. frances,dr.,frances
fentanyl
much weight,much,weight
accumulating garbage,accumulating,garbage
dogs
brain
dr. humberto choi,dr.,humberto,choi
immigrant children,immigrant,children
nursing home,nursing,home
persistent pain,persistent,pain
dr. wang’s work,dr.,wang’s,work
less than 40 percent,less,than,40,percent
cassava
newborns
cancer risk,cancer,risk
dr. ray,dr.,ray
food industry groups,food,industry,groups
a.d.h.d. drugs,a.d.h.d.,drugs
dr. bertagnolli,dr.,bertagnolli
such mutations,such,mutations
male insects,male,insects
organ rejection,organ,rejection
dr. carson instant fame,dr.,carson,instant,fame
older residents,older,residents
most traumatic memories,most,traumatic,memories
dr. willie melvin,dr.,willie,melvin
live viruses,live,viruses
mr. schumer,mr.,schumer
"antidepressants
s.s.r.i.s",antidepressants,s.s.r.i.s
dr. fisher,dr.,fisher
least 50 million people,least,50,million,people
union workers,union,workers
bolsters williams’s theory,bolsters,williams’s,theory
neurosurgery
johnson space center,johnson,space,center
mild symptoms,mild,symptoms
dr. rosen,dr.,rosen
young people,young,people
raccoon
food
person’s life,person’s,life
infectious disease experts,infectious,disease,experts
internet and technology addiction,internet,and,technology,addiction
brain’s diversity,brain’s,diversity
texas supreme court,texas,supreme,court
delayed cord,delayed,cord
significant health problems,significant,health,problems
egypt
criticism
chinese health officials,chinese,health,officials
country
side
enough workers,enough,workers
ptsd research,ptsd,research
pediatric obesity,pediatric,obesity
kaiser executives,kaiser,executives
creature’s life,creature’s,life
federal agency,federal,agency
one
severe gunshot wounds,severe,gunshot,wounds
paper cards,paper,cards
artificial gravity,artificial,gravity
dr. allen frances,dr.,allen,frances
pharmacy records,pharmacy,records
epstein-barr virus,epstein-barr,virus
largest strike,largest,strike
ms. engelbert,ms.,engelbert
many women,many,women
younger patients,younger,patients
allura red dye,allura,red,dye
media reports,media,reports
dr. bhattacharya,dr.,bhattacharya
mr. sanders,mr.,sanders
assisted-living section,assisted-living,section
circulating serotonin,circulating,serotonin
dr. camille kotton,dr.,camille,kotton
more than 60 million children,more,than,60,million,children
cancer journey,cancer,journey
s.t.i. epidemic,s.t.i.,epidemic
virus
symptomatic raccoons,symptomatic,raccoons
falling high school vaping rate,falling,high,school,vaping,rate
black women,black,women
hostages
listeria outbreak,listeria,outbreak
dr. bergman,dr.,bergman
many home agencies,many,home,agencies
fewer daily calories,fewer,daily,calories
infectious virus,infectious,virus
dr. bhattacharya’s team,dr.,bhattacharya’s,team
dr. burns,dr.,burns
ms. levin,ms.,levin
blood
world
u.s. teenagers,u.s.,teenagers
problems
apollo astronauts,apollo,astronauts
climate change’s effects,climate,change’s,effects
dr. e. fuller torrey,dr.,e.,fuller,torrey
dr. pontzer,dr.,pontzer
more states,more,states
dr. david s. jones,dr.,david,s.,jones
ordinary sad memories,ordinary,sad,memories
dying patients,dying,patients
dr. talbott,dr.,talbott
dr. ngamije,dr.,ngamije
human life span,human,life,span
next dose,next,dose
mr. xi’s meeting,mr.,xi’s,meeting
gun deaths,gun,deaths
debris
teeth alignment devices,teeth,alignment,devices
dr. cara poland,dr.,cara,poland
health and life experiences,health,and,life,experiences
giant dogs,giant,dogs
kaiser permanente workers,kaiser,permanente,workers
such people,such,people
medication abortion,medication,abortion
more than 1.3 million hernia repairs,more,than,1.3,million,hernia,repairs
called autoantibodies,called,autoantibodies
state hospitals,state,hospitals
groundbreaking treatment,groundbreaking,treatment
cell types,cell,types
heavy marijuana users,heavy,marijuana,users
dr. murphy’s device,dr.,murphy’s,device
average temperature,average,temperature
kaiser permanente,kaiser,permanente
pain syndromes,pain,syndromes
dr. michelle o’donoghue,dr.,michelle,o’donoghue
dr. long,dr.,long
many pet owners,many,pet,owners
free covid shots,free,covid,shots
bans
assisted living,assisted,living
longevity drugs,longevity,drugs
weight loss drugs,weight,loss,drugs
cannabis
memory region,memory,region
mr. beck’s more traditional therapy,mr.,beck’s,more,traditional,therapy
meta’s manipulation,meta’s,manipulation
neurons
lowest dose,lowest,dose
old drugs,old,drugs
effects
department’s ketamine program,department’s,ketamine,program
china’s dominance,china’s,dominance
dr. salmon,dr.,salmon
advanced heart failure,advanced,heart,failure
childhood obesity,childhood,obesity
city hall,city,hall
more surgeons,more,surgeons
cancer
member committee,member,committee
weird machine,weird,machine
potential longevity drug,potential,longevity,drug
first “no-tobacco generation,first,“no-tobacco,generation
residents
multiple sclerosis,multiple,sclerosis
comprehensive investigation,comprehensive,investigation
air quality monitors,air,quality,monitors
other dogs,other,dogs
families
"next
dr. antoniades",next,dr.,antoniades
more than 60 types,more,than,60,types
surgeon
health care services,health,care,services
teen suicide,teen,suicide
space aspirations,space,aspirations
higher infant mortality rates,higher,infant,mortality,rates
black americans,black,americans
other air quality experts,other,air,quality,experts
transplanted heart,transplanted,heart
space station,space,station
mental health,mental,health
gun
space tourism,space,tourism
f.d.a. study,f.d.a.,study
common drugs,common,drugs
many black parents,many,black,parents
dogs’ health,dogs’,health
vertex pharmaceuticals,vertex,pharmaceuticals
dr. gardner,dr.,gardner
mr. marchese,mr.,marchese
premature babies,premature,babies
younger children,younger,children
other expensive drugs,other,expensive,drugs
american virus research,american,virus,research
drinking
ill effects,ill,effects
human organ,human,organ
artificial kidneys,artificial,kidneys
dr. lyle a. french,dr.,lyle,a.,french
most older people,most,older,people
social connections,social,connections
young cancer patients,young,cancer,patients
company
burning
nonexistent people,nonexistent,people
american infants,american,infants
dr. romanello,dr.,romanello
laboring women,laboring,women
preterm infants,preterm,infants
city university,city,university
ms. keyes,ms.,keyes
analysis
many caregivers,many,caregivers
osha
gunshot wounds,gunshot,wounds
weight loss drug,weight,loss,drug
life spans,life,spans
oversight
dr. john a. talbott,dr.,john,a.,talbott
test accuracy,test,accuracy
f.d.a.’s authority,f.d.a.’s,authority
vaccine manufacturers,vaccine,manufacturers
many healthy people,many,healthy,people
fascia
u.s. health officials,u.s.,health,officials
medical marijuana users,medical,marijuana,users
dissociative disorders,dissociative,disorders
medication shortages,medication,shortages
medical insurance,medical,insurance
injurious things,injurious,things
coal
unapologetic meth users,unapologetic,meth,users
dr. kotton,dr.,kotton
brain’s functions,brain’s,functions
dr. bergman first approached commerce committee staff members,dr.,bergman,first,approached,commerce,committee,staff,members
higher poverty rates,higher,poverty,rates
smiledirectclub’s services,smiledirectclub’s,services
journal hospital and community psychiatry,journal,hospital,and,community,psychiatry
mouth
dr. philip mackowiak,dr.,philip,mackowiak
"more than 700,000 children",more,than,"700,000",children
life experience,life,experience
coal power plants,coal,power,plants
hepatitis c treatment,hepatitis,c,treatment
higher benefits,higher,benefits
l.g.b.t.q
cognitive loss,cognitive,loss
intact umbilical cord,intact,umbilical,cord
few people,few,people
dr. molinsky,dr.,molinsky
parkinson
dr. karikó,dr.,karikó
safe drug consumption facilities,safe,drug,consumption,facilities
younger people,younger,people
target gene,target,gene
dr. roy fagan,dr.,roy,fagan
treatments
white and asian children,white,and,asian,children
nurses
labor
second maryland man,second,maryland,man
dr. guy voeller,dr.,guy,voeller
blood chemistries,blood,chemistries
cancer doctors,cancer,doctors
sickle cell’s toll,sickle,cell’s,toll
vertex product,vertex,product
dr. patrick forde,dr.,patrick,forde
day strike,day,strike
"more than 3,700 cases",more,than,"3,700",cases
tb research,tb,research
endemic areas,endemic,areas
net prices,net,prices
gene-edited hens,gene-edited,hens
vaccination records,vaccination,records
autoantibodies
severe covid,severe,covid
clean” coal exhaust,clean”,coal,exhaust
heart
dr. coovadia’s home,dr.,coovadia’s,home
services
malaria program,malaria,program
dog parent,dog,parent
many older adults,many,older,adults
things
valuable personal information,valuable,personal,information
malaria
government’s target price,government’s,target,price
outdoor air,outdoor,air
dr. applebaum,dr.,applebaum
ms. faucette,ms.,faucette
black adolescents,black,adolescents
menopausal weight gain,menopausal,weight,gain
test
f.d.a.
company’s first sickle-cell patient,company’s,first,sickle-cell,patient
firearm fatalities,firearm,fatalities
dr. locke,dr.,locke
other blood cell cancers,other,blood,cell,cancers
sickle-cell patients,sickle-cell,patients
new weight-loss drugs,new,weight-loss,drugs
dr. edwin menor,dr.,edwin,menor
other children,other,children
congressional inquiry,congressional,inquiry
proper behavioral therapy,proper,behavioral,therapy
home
much abortion bans,much,abortion,bans
calorie requirements,calorie,requirements
mr. grinstein,mr.,grinstein
thorough f.d.a,thorough,f.d.a
mr. rousseau,mr.,rousseau
committee’s decisions,committee’s,decisions
organ
innovative cancer treatment,innovative,cancer,treatment
coal-fired plants,coal-fired,plants
people’s attention,people’s,attention
dr. pelham,dr.,pelham
health equity,health,equity
race identification,race,identification
drug consumption sites,drug,consumption,sites
america’s indoor air,america’s,indoor,air
ms. verner,ms.,verner
other hernia surgeons,other,hernia,surgeons
dr. schiff’s research,dr.,schiff’s,research
dengue epidemiologist,dengue,epidemiologist
many people,many,people
gene-edited birds,gene-edited,birds
chickens
temperatures
privileged people,privileged,people
fever
donor’s genes,donor’s,genes
esophageal cancer,esophageal,cancer
same policy,same,policy
early covid cases,early,covid,cases
pediatric bariatric surgery,pediatric,bariatric,surgery
tumor samples,tumor,samples
neurodegenerative disease,neurodegenerative,disease
significant cognitive decline,significant,cognitive,decline
covid-19 cards,covid-19,cards
dr. wang’s files,dr.,wang’s,files
injectable drugs,injectable,drugs
dr. wang,dr.,wang
dr. muhammad mukhtar,dr.,muhammad,mukhtar
approved vaccine,approved,vaccine
back
sad memories,sad,memories
second malaria vaccine,second,malaria,vaccine
brain scans,brain,scans
other gene-edited birds,other,gene-edited,birds
dr. donald k. milton,dr.,donald,k.,milton
cassava’s research,cassava’s,research
abortion process,abortion,process
chinese news reports,chinese,news,reports
jeopardizing funding,jeopardizing,funding
dr. neil powe,dr.,neil,powe
pediatric cancer ward,pediatric,cancer,ward
w.h.o. statement,w.h.o.,statement
american and global health officials,american,and,global,health,officials
dr. jeffrey shuren,dr.,jeffrey,shuren
routine immunization,routine,immunization
necessary and even detaining people,necessary,and,even,detaining,people
hair follicles,hair,follicles
facility
israeli soldiers,israeli,soldiers
food pipe,food,pipe
health care providers,health,care,providers
dr. michaels,dr.,michaels
next 75 years,next,75,years
law enforcement demand,law,enforcement,demand
firearm injuries,firearm,injuries
dissatisfied customers,dissatisfied,customers
drug companies,drug,companies
apartheid south africa,apartheid,south,africa
traditional organ,traditional,organ
mr. bush’s foreign policy legacy,mr.,bush’s,foreign,policy,legacy
other symptoms,other,symptoms
doctor
severe heart disease,severe,heart,disease
earth
body’s ability,body’s,ability
ms. simonton’s case,ms.,simonton’s,case
mild cognitive decline,mild,cognitive,decline
ms. ha’s introduction,ms.,ha’s,introduction
many different drugs,many,different,drugs
low dose,low,dose
covid exposure,covid,exposure
most patients,most,patients
opioid use,opioid,use
public health leader,public,health,leader
opened blisters,opened,blisters
other older people,other,older,people
dr. sutton money,dr.,sutton,money
pediatric cancer patients,pediatric,cancer,patients
inpatient pediatric cancer patients,inpatient,pediatric,cancer,patients
health care  systems,health,care,systems
community drug use,community,drug,use
mr. biden,mr.,biden
gun safety,gun,safety
university
current committee members,current,committee,members
israeli bombings,israeli,bombings
modification dr. karikó,modification,dr.,karikó
ketamine
vascular dementia,vascular,dementia
serotonin and other metabolites,serotonin,and,other,metabolites
mr. xi,mr.,xi
mystery’ canine illness,mystery’,canine,illness
dr. mandy cohen,dr.,mandy,cohen
poverty
dating shows,dating,shows
zoliflodacin
mrna vaccines,mrna,vaccines
fresh air,fresh,air
smoking rate,smoking,rate
mental health care,mental,health,care
ms. brenoff,ms.,brenoff
sanitation workers,sanitation,workers
state attorney general,state,attorney,general
benefits
risk
more than half a million medicaid recipients,more,than,half,a,million,medicaid,recipients
race
mental health influencers,mental,health,influencers
south africa,south,africa
wearable or implanted artificial kidneys,wearable,or,implanted,artificial,kidneys
few patients,few,patients
wealthy people,wealthy,people
dr. ranney,dr.,ranney
live births,live,births
u.s. life expectancy,u.s.,life,expectancy
type 2 diabetes,type,2,diabetes
medical workers,medical,workers
traumatic brain injuries,traumatic,brain,injuries
supreme court,supreme,court
more severe cases,more,severe,cases
children’s sleep,children’s,sleep
b.f. skinner,b.f.,skinner
sexual problems,sexual,problems
ketamine users,ketamine,users
war
viruses
dr. sabin,dr.,sabin
weight-loss medications,weight-loss,medications
such heat,such,heat
mental health reasons,mental,health,reasons
medicaid and chip coverage,medicaid,and,chip,coverage
internet use,internet,use
dr. mcdougall,dr.,mcdougall
weight-loss drugs,weight-loss,drugs
nobel memorial prize,nobel,memorial,prize
psilocybin market,psilocybin,market
state’s supreme court,state’s,supreme,court
kaiser
medicare patients,medicare,patients
dr. kimberlin,dr.,kimberlin
older people,older,people
pregnant women,pregnant,women
medical treatment,medical,treatment
state capitol,state,capitol
israeli judges,israeli,judges
children’s groups,children’s,groups
dr. keith dreyer,dr.,keith,dreyer
indoor air,indoor,air
white women,white,women
man’s ct scan,man’s,ct,scan
china
"more than 5,000 deaths",more,than,"5,000",deaths
committee’s recommendation,committee’s,recommendation
hearing loss,hearing,loss
dr. robert wachter,dr.,robert,wachter
many gun owners,many,gun,owners
peace corps position,peace,corps,position
smoking cannabis,smoking,cannabis
experienced health care workers,experienced,health,care,workers
maintenance dose,maintenance,dose
red dye,red,dye
health and human services,health,and,human,services
state’s chapter,state’s,chapter
opioid epidemic,opioid,epidemic
potential patients,potential,patients
health evidence,health,evidence
other drugs,other,drugs
black death,black,death
medicaid enrollees,medicaid,enrollees
increase
s.s.r.i.s
cards
chest
genetic mutations,genetic,mutations
hurting parents,hurting,parents
highest overall rate,highest,overall,rate
wegovy’s estimated net price,wegovy’s,estimated,net,price
last scan,last,scan
american fentanyl crisis,american,fentanyl,crisis
dr. carson’s mentor,dr.,carson’s,mentor
zepbound
whole network,whole,network
mr. firnhaber,mr.,firnhaber
city’s beachfront tourist neighborhoods,city’s,beachfront,tourist,neighborhoods
eye products,eye,products
cordis corporation,cordis,corporation
lurie children’s hospital,lurie,children’s,hospital
disease progression,disease,progression
malaria parasite,malaria,parasite
flu expert,flu,expert
dr. hoffman,dr.,hoffman
most pharmacy records,most,pharmacy,records
new workers,new,workers
company’s algorithms,company’s,algorithms
year life expectancy,year,life,expectancy
dr. martha gulati,dr.,martha,gulati
mrna work,mrna,work
other animals,other,animals
physicians’ union,physicians’,union
common tumors,common,tumors
older weight loss medications,older,weight,loss,medications
variable gravity,variable,gravity
final scan,final,scan
dr. griffiths’s work,dr.,griffiths’s,work
influencers
abortion issues,abortion,issues
online social information,online,social,information
harvard’s public health experts,harvard’s,public,health,experts
b.p
purchasing mushrooms,purchasing,mushrooms
life-threatening blood cancers,life-threatening,blood,cancers
long-term care assistance,long-term,care,assistance
fewer than 700 people,fewer,than,700,people
frustration
american babies,american,babies
hearing-aid use,hearing-aid,use
frozen tumor samples,frozen,tumor,samples
follicle cells,follicle,cells
largest such database,largest,such,database
dr. li,dr.,li
home care,home,care
"more than 1,200 people",more,than,"1,200",people
f.d.a.’s tobacco center chief,f.d.a.’s,tobacco,center,chief
legal abortion,legal,abortion
intense workout,intense,workout
teenage obesity,teenage,obesity
transmitted dengue,transmitted,dengue
magic mushrooms,magic,mushrooms
high-dose flu shot,high-dose,flu,shot
recorded memories,recorded,memories
dr. joseph fins,dr.,joseph,fins
acute rejection,acute,rejection
ms. bradford,ms.,bradford
gene therapy,gene,therapy
weight loss,weight,loss
cassava’s reports,cassava’s,reports
mr. alpern,mr.,alpern
skin
health care industry,health,care,industry
mississippi’s vaccination requirement,mississippi’s,vaccination,requirement
severe disease,severe,disease
peace corps volunteers,peace,corps,volunteers
better air quality,better,air,quality
signature drug,signature,drug
medical clearance forms,medical,clearance,forms
f.d.a. plans,f.d.a.,plans
medical clearance system,medical,clearance,system
small increase,small,increase
v.a. researchers,v.a.,researchers
formaldehyde
body
hard time,hard,time
earth’s gravity,earth’s,gravity
enough weight loss,enough,weight,loss
