instagram kids,gentle touch,flu virus,patient records,a.i. technology,other scientists,mental health history,obesity management,dr. houry,v.a. researcher,hepatitis,new study,global and american health officials,high dengue transmission,firearm suicide rates,dr. menor,cannabis brands,health care workers,mental health content,clinical a.i,volunteers’ experiences,airport workers,confirmed cases,a.d.h.d. research,staffing issues,american workers,human brain,medicine,different types,minority adolescents,use,major sperm banks,phantom voices,name,facility’s assessment,mr. beck,low serotonin,mechanical sense,nursing homes,paper,customers,hearing aid,"news
meta",countless people,other patients,different dating,small metal pieces,dr. ajita prabhu,many nursing homes,discovered cells,hospitals,recalled products,health issues,medicaid enrollment,ms. speer,ms. chung,ms. foor,others,skeletons,official poverty level,much assisted living,dr. dipersio,daily calorie budget,ms. hsueh,world aids day,more than 4.5 million children,birth plan,higher-weight children,calories,alcohol manufacturers,u.s. centers,wegovy,home health agencies,low gravity,dr. allen,right facility,first artificial kidney,stanford medicine,tobacco,widespread labor strike,leaked report,adjuvanted flu vaccine,mr. levinson,dog,same amount,dr. thomas dobbs,health crises,other tests,coal use,americans,psychiatry,powerful but expensive new drugs,health services,serotonin,indoor air target,life,financed survey,public health infrastructure,stroke,dr. bossis,mr. bennett,sexual side effects,vital health care infrastructure,other peace corps applicants,garbage bags,dating sites,blood bags,people’s frustration,genetic disease,northern gaza,cosmetic weight loss,homes,several l.g.b.t.q,gun violence,ct scan,dr. mannix’s daughter,ms. sobczyk,priest,dr. shintani,dr. bertagnolli’s confirmation hearing,fewer new blisters,mushrooms,"important, bariatric surgery",actual vaccines,food additives,assisted-living facilities,lung cancer,cognitive functions,pet scan,memory,mass vaccination campaign,space vessel,available antibiotic,health problems,u.s. government,alexandra duarte,highest dose,law enforcement,healthy dogs,underlying eoe,own a.i. tools,sacklers’ fortune,"more than 265,000 children",mr. rubenstein,mr. soto,other facilities,more calories,dr. whitley-williams,kaiser sites,dr. waleed javaid,peace corps office,state health officer,adolescents,kaiser unions,dr. natasha bagdasarian,dr. dobbs,kidney disease,syphilis testing technology,brain tumor,additional 85 million children,internet,menthol e,state’s public health officials,dr. kimberly page riley,united states,johns hopkins hospital,mr. faucette,mr. cassidy,white adolescents,policy,people ages,ms. mcdowell,health agencies,mr. festa,unhealthy indoor air,mr. bush,mr. luján,-,same people,planetary health equity hothouse,human brain cells,dr. weissman,ha,committee duties,dr. helmstetter,air purifiers,successful campaigns,gaza range,benefits experts,peace corps official,highest congenital syphilis rates,space travel,hernia market,ruling,rate,tb transmission,births,affluent people,minimum social security benefit,.,weight-loss treatment,dr. william schaffner,dr. willem j. kolff,ill patients,millennial caregivers,dr. nina kottler,sperm donor,supported affordable senior housing,health care employees,may,obesity report,dr. frank w. putnam,body temperature,food and drug administration,"mental health policy
applicants",depleted serotonin,similar people,popular wegovy,ms. harris,regulated tests,private treatment,ms. ragsdale,psychedelic mushrooms,sister union,dietary guidelines committee,dr. bergman’s group,dr. balbus,caregivers clinic,more than four million people,own body,bariatric surgery,earlier study,dye,dr. shaffer,boulder,brain network,new cases,dr. bergman enlisted medical students,coal plants,discounted drugs,china’s ambitions,"influenza pandemic, life expectancy",priest’s immune response,hard-to-treat mental health problems,federal benefits,earth’s ozone,dr. prabhu,mental health and climate anxiety,court,vaccination rates,mental health condition,ms. ha,many nursing home workers,increased risk,temperature,mr. magnuson,ms. engelbert’s brother diego engelbert,animals,plague hospitals,fewer dengue cases,cannabis sublingual drops,dr. zirui song,company’s chief executive,high blood pressure,medicare certifies,future indoor air quality standards,pain syndrome,muscle soreness,tb services,cannabis use,wegovy’s price,a.i. oversight,human brain works,new diabetes drug,evacuation effort,assessed temperatures,sexual interest,premature infants,card information,many policies,study’s authors,captured raccoons,penn state university,remaining children,own cleaned debris,urban animals,indoor pollution,a.i. vendors,insects,hair follicle cells,gravity,dr. talbott’s presidency,dr. shaffer’s supervision,dozen influencers,many unions,ms. plimpton,ptsd diagnosis,weight cycling,newport and camel cigarettes,more people,gene therapies,f.d.a. v. alliance,new hernia,dignified death,mental health clinician,mississippi’s rate,george williams,barr virus,’s,many americans’ prescription records,home aide,state insurance department,dr. javaid,childhood immunization program,unvaccinated children,mr. hawley,ms. ringler,dr. marr,medical evacuation,dr. nestle,report,mr. hofman,dr. susan cheng,china’s illicit exports,assisted-living units,vaccines,used abortion pill,hollywood actor strike,annual births,black and native american babies,a.d.h.d. diagnosis,firearms industry,longer astronauts,usual labor hierarchy,black and hispanic women,dr. john balbus,safeguarding health,unions,dr. weissman’s phone number,native americans,multiple facilities,used a.i. tool,"drug use
philadelphia",dr. michael rutter,dangerous viruses,reliable and credible investigation,cannabis information,public health community,dr. judith herman,male-killing effect,ozempic,dr. putnam,dr. jeanne marrazzo,esophagus,alcohol abuse,enough wegovy,live virus,ketamine clinic,first malaria vaccine,agency,many states,more than three dozen states,primary home,injury,fast food workers,drug’s potential,home nurse,cancer patients,government,laboratory medicine,ms. mannix,harvard’s talking points,overweight or obese people,opioid crisis,umbilical cord,brain surgery,persistent senior poverty,dr. james mcgough,hernia surgeons,rejection,trash plague acapulco,africa,mrna technology,obesity drug wegovy,simple hernia repairs,none,german physician dr. carl wunderlich,other cells,excellent study,diverse database,dog owners,aide,own calorie requirements,shots,illness,dr. talbott’s career,wegovy’s net price,treatment,first people,dr. shirokobrod,other effects,children’s immune systems,poor mental health days,unregulated tests,highest death rates,tumor cells,tb team,little hernia group,dr. benjamin s. carson,peace corps practice,information,more than 1.1 million covid deaths,dr. fagan,vertex trial,moderate hearing loss,latino adolescents,disease’s progression,dr. francis s. collins,meth,committee,ms. duran,a.d.h.d. medication,daily alcohol consumption,"men
researchers",dr. schaffner,mr. bigtree,u.s.,unionized doctors,potential longevity drugs,older men,colon cancer,drug candidate,many homes,more medication,space life,pharmacy workers,covid deaths,more than 400 people,sexual responses,ill homeless people,remaining five volunteers,world’s leading infectious disease killer,dr. pelham’s influence,care plans,higher birth weights,acapulco,possible strike,"gaza
a mission",virus’s evolutionary potential,approved program,drs. karikó,lower levels,dr. rimm,obesity medication,ms. brenoff’s husband,many years,"more than 700,000 cases",mr. kovtoniuk,additional cancers,maternal health outcomes,study,traditional weight loss,dating,coal exhaust,long-term care,health risks,good and bad facilities,children’s hospitals,dangerous people,defective gene,tumor,instagram,dr. shintani’s team,lab tests,"coma, dr. schiff",percent,dr. rettew,gay and bisexual men,more than two million customers,ms. hall’s co,a.i. program,organ transplants,dengue transmission,severe sexual problems,sick children,soreness,hepatitis c.,residents’ rooms,sacklers,other memories,labor unrest,reynolds,kaiser facilities,online crowdfunding,"poverty
benefits",alexandra’s insides,global aids program,instagram’s impact,scientists’ ability,dr. sravani alluri,ailing heart,alcohol,such viruses,heat exposure,blistering disease,most western states,sickest patients,sticker prices,syphilis,dr,mutated flu virus,health outcomes,lung cancer risks,formal heat standard,dr. song,shorter life span,frail and sicker people,ghanaian parents,hernia component separation,ms. alker,u.s. rate,cassava sciences,dr. alia sharif,cardiovascular disease,gaza’s health system,dr. sacks,child health,psychiatric disorders,more than a thousand adult workers,hospital covid unit,imported cases,dr. khan,dementia seed,life span,ms. retton’s daughter,social security payments,general surgeons,research notebooks,original surgeon,such drug,lung cancer diagnosis,body temperature reading,medicaid medications,mississippi lawsuit,guidelines,mr. watts,dr. eugene dickens,dr. frank lin,dr. jaimie henderson,persistent depressive disorder,funding agencies,actors’ union,vinyl blood bag,kaiser’s ability,such sexual problems,cordis,williams’s theory,many older americans,longevity drug,v.a. medical centers,disease’s risks,psilocybin journeys,dr. mukhtar,new areas,air quality,other respiratory virus,boston children’s hospital,officials,dr. margaret koziel,firearm suicide rate,consumer criticism,law enforcement demands,psychedelics,hard workout,drug consumption facility,same children,other psychedelics,animal viruses,cassava’s statement,distinct side effects,black babies,horrible pain,osha’s director,sex problems,dr. john dipersio,adults,many developing countries,blood cancers,consumption sites,maryland workers,dog parks,man’s level,indoor air quality,more cases,law enforcement agencies,high-dose,gene-edited chickens,a.i. development,gaza strip,weight loss medications,mississippi ruling,dr. taylor,club drug,progression,home health aide,teeth aligners,internet addiction,long-term care policies,mental health treatment,leading hernia expert,supervised drug consumption sites,owners,new legislation,deadly viruses,drug’s development,weakened virus,virus levels,"long covid, serotonin",pig organ,ms. simonton,component separations,consuming pain,other unions,obesity increases,biological machine,dr. wunderlich,a.i.,assisted-living facility,children’s hospital rooms,weight gain,work,component separation,dr. pine,mr. jackson’s office,care,lifesaving cancer treatment,umbilical cord blood,health practitioners,touch,shrinking dating pool,nonexistent voice,mental health conditions,allina system,rewards,acapulco’s many needs,inexpensive ketamine lozenges,more than eight million older americans,committee’s advice,dr. blatnik,reported cases,u.s. list,smiledirectclub,more than a dozen nursing homes,kaiser’s stalemate,researchers,ongoing opioid crisis,marijuana,consumer or health care provider,long-term care help,pounds,children,little oversight,heart disease,dr. coovida,alexandra’s stomach,other people’s sadness,wild virus,beleaguered food division,dr. lindauer,dose,sickle cell disease,dr. coovadia,lung cancer disparities,abortion rights,outbreak,unionized workers,approved a.i. programs,flavored e,war crimes,dr. brian jacob,dr. oviedo,mr. barrasso,elevated temperatures,senior dogs,ms. cave’s case,syphilis diagnoses,more children,blood cell cancers,infants,routine vaccination,dr. mannix,much candy,many workers,metabolic disease,meth disorient,state law,dr. gaur,suicide,dr. cavaleri,dr. marcela v. maus,many drugs,dr. david rettew,f.d.a,next pandemic virus,dr. ribeiro’s favorite,man’s health,institute,weight,annual deaths,dr. silverstein,french government,diabetes drug,mr. hickerson,dr. topol,nation’s life expectancy,world’s children,moths,potential treatment,ischemic stroke,flu,medicaid,mississippi schoolchildren,open drug use,voice,traumatic memory,dr. salas,power plants,dengue infection,mr. engelbert,serious injury,ms. cave,acute symptoms,abortion pills,much will an aide cost,mystery illness,severe malaria,drinking guidelines,older users,city,other surgeons,breast and ovarian cancer,component separation surgery,suicide rates,cancer drugs,sperm banks,cord,countries,heart attack,bruised and limping man,dr. eric topol,failing workers,malaria data,strike,dr. kageyama,dr. lakdawala,calorie burn,displaced people,ms. frane,regulatory oversight,more workers,dr. lin,hair-straightening products,current committee,functioning birth centers,evacuation,ms. yarnell,recalled prescription eyedrops,yourselves,shorter life spans,new antibiotic,husband,people,ms. denton,government’s fiercest critics,u.s. customs,supervised drug use site,tb test,health statistics,more than one virus,brain stem,agencies,free treatment,"u.s.
electric cars",dr. michael siegel,malaria report,mr. pollan,major depressive disorder,ms. carrozzini,most hernia patients,health committee,compounded ketamine products,kaiser’s hourly rate,dr. long’s tenure,dr. kenneth mukamal,named hostages,repeated malaria infections,hepatitis treatment,pet owners,psychiatric therapy,"dry, itchy skin",american hernia society,dr. friel,other residents,dr. green,first vaccination,department,older americans,most nursing homes,"present experience
traumatic memories",dr. abraham b. bergman,gene-edited animals,maternal deaths,birth center deliveries,firearm suicides,dr. trowbridge,world war ii,insurance,china studies,sperm,profound weight loss,union leaders,global health,most tumor,original legislation,dr. melvin,hair transplant clinic,israeli prisons,states,component separation technique,heart failure,crowdfunding,israeli official,california,parent company,many unionized workers,first raccoon,suicides,hailed dr. long’s contributions,dietary guidelines advisory committee,high school students,patients,public health committee,china’s leader,unremitting pain,"more than 75,000 kaiser",company’s network,marijuana’s medicinal properties,dissociation,anxiety symptoms,dr. griffiths’s paper,more than a dozen hernia surgeons,health providers,heart disease problem,middle school use,several particularly vulnerable hostages,food policy,book,lung cancer rates,healthy people,withholding data,southern united states,dr. nicholas schiff,france,state’s health care workers,company’s first union,southern gaza,other long covid studies,fentanyl overdoses,health officials,dying people,medicare advocacy,kaiser officials,attacks,a.n.c. government,downtown acapulco,osha rule,e,test makers,persistent sexual problems,nontraditional families,poor health,lower court order,bankruptcy court,own voice,dr. alex green,metal pieces,dr. lori handy,dr. cohen,male patients,only test,v.a,hamas incursion,firearm industry,s.s.r.i.s report,first treatment,aids,health workers,new drug,new weight loss drug,"run-down, often abusive state hospitals",prize,dr. renee mcdougall,"more than 3,300 types",appeals court decision,physician-assisted suicide,compensation,day’s heat,destructive opioids,agency’s orders,intense pain,journal npj parkinson’s disease,long covid experience,disease,data,city’s tenderloin neighborhood,dr. paul trowbridge,dietary guidelines,v.a. hospital,boulder county,food and drug administration’s regulation,dr. grube,raccoon interactions,other things,alabama,air,dr. schiff,protected states,heart disease prevention,lifesaving program,brain tissue,other vaccines,esophageal pain,poor mental health,birth,kaiser’s work force,dr. wunderlich’s sample,dr. jones,dr. john harold talbott,effective drugs,dr. sadiya khan,dementia prevention,mr. turner,outside smoking,johns hopkins medicine,"hurricane
residents",dr. dickens,ms. fitts,dr. ribeiro,brain death,rare autoimmune disease,medicaid expansion,infant mortality rate,struggling children,areas,human health,better care,very top,other control chickens,avalon’s homes,many new types,public health experts,volunteers,moderate loss,day meth binge,dr. charlie shaffer,serotonin levels,mississippi,white parents,burning pain,kaiser permanente unions,many patients,drugs’ effects,hernia,cases,dr. patrick j. connolly,preterm birth,international space station,small but statistically significant increase,such sensors,risk association,additional f.d.a,workout,drug manufacturers,alcohol consumption,viral infection,care bundle,hepatitis c prevalence,more weight,calorie needs,smoking meth,other treatment,dr. david grube,americans’ prescription records,earth’s influence,janet ha,original hernia,alexandra’s mouth,least 2 million children,labor action,modern blood bag,family caregivers,tobacco and vaping products,records,bush institute,last women,burning esophagus,man,people’s remains,longtime residents,cassava’s stock,population health,canine life extension,teeth,extreme heat,medications,chemical abortion drug regimen,intangible rewards,dr. david spiegel,meth run,blood banks,sickle-cell disease,fewer years,medical crowdfunding,third day,home health aides,dr. ehrenfeld,hepatitis diagnosis,state medicaid programs,treatment gaps,unspecified anxiety disorder,abortion,older adults,south africans,birth centers,other states,applicable rite aid branded products,death rates,mr. worz,infant deaths,fascinating paper,vulnerable people,mr. mbeki,air filtration,years,better health outcomes,dr. jyoti patel,individual cells,new covid-19 vaccine,surgeons,vaccinated people,firearms,uninsured people,brain tumor samples,funding,air quality expert,safety program,space mall,france’s health minister,pills,full-term and preterm newborns,experienced surgeons,d.i.d,first book,other cell types,desperate residents,dr. kottler,blood pressure,black patients,previous federal funding,medical cannabis,lasting sexual problems,mrna,waging war,supervised drug use,own mrna,light drinking,study’s lead author,pain,multiple sclerosis study,dengue branch,individual coal-fired power plants,more dogs,behavioral modification,social media,weight loss drug tirzepatide,own skin,f.d.a.’s decrees,alexandra’s health,much alcohol,pediatric pneumonia cases,abortion pill access,long-term medical care,cassava’s founder,ms,cancer death,bush’s institute,virus’s effect,women,other health care entities,dr. michael rosen,tumor’s dna,long-term care insurance,more weight loss,home care association,h.i.v. care,public health messages,component separation surgeries,serotonin pathway,health care companies,country’s health,biggest public health advances,immune cells,dr. long’s research,injury prevention,congenital syphilis,fertility variants,multiple drugs,own health problems,alabama lawmakers,such suicides,food database,sudan’s medical facilities,obesity drugs,dr. leary,caregivers,sensors,weight loss drug wegovy,lower drug prices,more than 100 doctors,most nursing home residents,more than 270 million people,cancer hospital,most serotonin,respiratory virus,malaria tests,successful obesity drug,dementia psychosis,raccoons,astronauts,surgery’s effects,dr. wang’s research,awful disease,side effects,recreational marijuana,identified cells,doxy-pep’s use,dr. roberts,dr. wang’s papers,cancer diagnosis,less than 2 percent,more energy,much virus,blood cancer,a.i,texas children’s hospital,more than 40 states,american officials,move,family’s teeth,allina,f.d.a.’s investigation,early cases,urban areas,medication,vertex clinical trial patients,ptsd,gene,"pills
older people",large hernia,averted strike,nonfatal gunshot wounds,other midwives,drug,senate health committee,other birth centers,preventive drugs,compounded oral ketamine,infant and maternal mortality,dr. stolle,air quality experts,many dog owners,underlying severe heart disease,peace corps,dr. matt hoffman,state mental hospitals,gaza,johns hopkins biography,dr. rebekah mannix,nasa astronauts,representative longitudinal survey,front,people’s desire,other people,sickle cell,gifted people,clinical trial patients,firearm safety,peace corps volunteer,breast cancer,"pandemic, life expectancy",johns hopkins,space,federal court,pest insects,hungry raccoons,behavioral-modification techniques,other areas,climate action,congress,first infection,mr. redman,lower prices,staffing,state’s vaccination requirement,good quality life,dr. laura bachmann,vertex,health,jan,higher weight,countless americans,newsletter,scan,peace corps applicants,f.d.a.’s original approval,grieving parents,other climate problems,metal,substantial weight loss,cells,f.d.a.’s approval,energy levels,homeless people,ms. havekost,significant research misconduct,gunshot,federal appeals court,average human body temperature,prescription records,low rewards,variable and partial gravity,control,psychiatric use,new infant mortality figures,"news
health workers",applicants,nursing,dengue,kaminski,general surgeon,heterosexual women,hernia patients,other difficult-to-treat mental health problems,garbage,most people,cuny halts investigation,method,prize announcements,hernia repairs,sites,dr. carl w. walter,a.i. research,actual health outcomes,medical facilities,food sticking,court’s decision,johns hopkins’ decision,hair products,new patients,parkinson’s disease,older patients,dr. wilke,harvard cozies,popular weight-loss drug,doctors,dr. erbelding,critical health care duties,dr. sawyer,law,cuny,eye care products,dr. frumkin,slight increase,similar evacuation,dr. jesse ehrenfeld,less than 1 percent,unpaid caregivers,traditional cigarettes,mr. yiannas,government scientists,similar problems,mental health symptoms,dr. henderson,western alabama,"other, similar tests",disembodied voice,many dogs,anger,public health,ingest meth,dr. wachter,many parents,brainwide network,raccoon roundup,medicaid rolls,day challenge,suicidal patients,early gene editing,young children,drug use,st. louis,sickle cell patients,doxy-pep,body weight,oral temperatures,dementia,boulder’s downtown park,ms. simonton’s lawsuit,several midwives,minor oral injury,dr. megan ranney,children’s plight,cancer treatment,endocrinologist strode,husband’s father,tight labor market,raccoon’s nose,physician assisted suicide,nobel prize,dr. chiadi ndumele,more than 115 attacks,sex,midwives,abortion access,a.i. programs,routine immunization programs,average life expectancy,brain study,dengue cases,respiratory syncytial virus,dr. bernadine p. healy,harvard faculty,drugs,entire tumor,middle and high school students,dozen unions,heat,expert scientists,medication uptake,children’s artwork,clean air,dr. daniel skovronsky,dissociative amnesia,opioid use disorder,al-rantisi’s young cancer patients,death,severe dengue,dr. sriyesh krishnan,american diabetes association,full or partial heat exposure,federal officials,life’s final moments,free will,red food dye,paper covid-19 cards,analysis’ definition,immediate cord,more than 70 percent,opioid tragedy,men,dr. zhang,obesity drug,tb infections,union campaign,dr. parsonnet,increased births,hearing,climate,dr. murphy,more than 70 obesity drugs,more cell types,many calories,medicaid programs,lower dose,several hundred people,behavioral modification therapy,nobel prize organization,psilocybin mushrooms,animal’s life,facility’s history,hispanic and latino people,dr. helen chu,mental health law,obesity,labor disputes,internet gaming addiction,disorders,most children,raccoon territory,mr. biden’s desk,duke university,public health researcher,eyedrops,good agency,viral campaigns,younger women,u.s. capitol,parallel hepatitis c programs,mr. kelly,various psychiatric problems,mr. soto’s employer,new products,dr. wunderlich’s conclusions,dr. blustein,high levels,dr. coovadia’s death,policies,dr. prather,reported syphilis cases,sick people,care plan,confirmation hearing,tobacco moths,dr. jan blustein,long-term care insurers,reports,college’s president,firearm,data editor,dry skin,dr. griffiths,different mental health concerns,most symptoms,tech sales people,facility’s workers,product,dr. walsh,products,brain implant,life histories,long life,dr. manica balasegaram,other nursing homes,lung cancer specialist,variants,dr. melanie taylor,many health conditions,more air,"more than 1,100 attacks",mr. ecker,mr. goldstein,part,"more than 4,500 children",quarter of a million americans,committee members,covid vaccine,severe obesity,free treatment program,own memories,rectal temperatures,flu victims,dr. daniel pine,survey,normal” human body temperature,sexual effects subside,bad health outcomes,bad component separation surgery,dr. coovadia’s daughter,dr. deborah silverstein,sids death,mr. mandela,committee member,moderate drinking protects,israeli physician,independent residents,russian attacks,illicit drugs,ms. plimpton dreams,dr. hurst,long-term care benefit,long-term care needs,dr. kathiresan,disentangle weight,stroke risk,dr. dattner,parents,nursing home residents,official poverty rate,. epidemic,top,hamas,crimes,purkinje cells,cognitive health,ms. young,traumatic memories,flu virus hijacks,other benefits,harvard university,mr. siri,charming people,dr. pelham’s conclusions,old paper cards,medical services,serious cases,canada’s long-term care system,tumors,food division,observed risk,christina ragsdale’s children,dr. patel,gun owners,own sickle cell gene therapies,intergenerational housing,mr. faucette’s transplanted heart,senior housing,experienced surgeon,inside chickens,hestia cigarettes,many more children,dr. ribeiro’s daughter,male-killing viruses,government officials,blood test,strange blisters,ms. evans,housing,fellow and housing researcher,ms. retton’s daughters,eoe,outdoor workers,anna maria siega-riz,smoking rates,fewer than 300 people,a.i. field,vaccination,dr. amy locke,new report,union officials,hernia surgeon,male tobacco moths,loss,unidentified canine respiratory illness,ms. mahler,seattle children’s hospital,exhaustive report,central oregon city,private long-term care insurance,consistent hearing-aid use,quality,asian and hispanic women,poverty rates,dr. matthew wynia,dr. toni gross,covid,brain cells,neurosurgery thanks,dr. stuart ray,u.s. dietary guidelines,health effects,next workout,agency officials,poverty rate,innovative sickle cell cure,body’s weight,dr. bagdasarian,medical clearance,mental health problems,tests,other sexual problems,"deadly
deaths",dr. shuren,plants,dr. milton,opioid victims,dr. debra houry,extra weight,dedicated health care workers,campaigns,immunization,greet dr. helmstetter,many surgeons,pieces,different dogs,recent years,company research,medicaid recipients,"large, adult dogs",brain tumors,average 15 percent weight loss,other insects,rural areas,quality hearing aids,"dr. murphy’s safe, reliable blood bag",dr. siega-riz,enough time,diabetes,community psychiatry,more caregivers,stage 4 colon cancer,mouth and throat cancer,sickle cell shortens,second meth epidemic,robotic component separation,park,health care,alabama’s longstanding aversion,h.i.v. treatment,more than 60 percent,old blisters,behavioral therapy,gun death,hair,healthy life span extension,kaiser workers,hepatitis c,consumers,only people,coal-fired power plants,gene-editing technology,calorie,maryland,indoor air pollution,dr. bachmann,compounded ketamine,excess deaths,prices,moderate drinking,online dating,mental health diagnosis,ms. schuman,dr. florez,skin infection,higher dose,cannabis users,tb test and treatment prices,more blisters,transient ischemic stroke,williams,lawsuit,attributable risk,middle school students,kaiser’s labs,american nurses association,breeding areas,dr. forde,standard method,white people,dr. nic helmstetter,vertex treatment,dissociative state,legislation,infant mortality rates,allina facility,enough virus,uterine cancer,failed component separation,u.s. officials,ms. basch,most young people,dr. patricia whitley-williams,social media sites,college,fresh brain tissue,most assisted-living facilities,infected children,unidentified food,lingering symptoms,mr. macdonald,enough people,large dogs,rotten garbage,food industry,life expectancy,between,teeth-straightening devices,kaiser clinic,home health care,nursing assistant,larger study,nobel peace prize,research,ms. scott,unknown animal viruses,f.d.a. commissioner,birth center,ms. little,anxiety,donor,highland areas,advanced cordis pacemaker,meth use,vaccine rollout,city’s landfill,nation’s infant mortality rate,long covid — biological changes,dr. mackowiak,improved air quality,state health department,dr. chana sacks,dr. dana telem,falling prices,doctors council,detailed diagnosis,dr. daniel ngamije,well newsletter,nursing home employees,more firearm suicides,infant mortality,union,human cells,dr. hannig,heat waves,gonorrhea,ms. lucas,therapy,young and healthy people,state,ms. livovich,r.j. reynolds menthol,best vaccine,severe brain injuries,health promotion,oregon,medicaid coverage,other space-tourism operators,fewer older adults,"paradigm shift

indoor air quality",dr. eric rimm,hostile space,symptoms,own children,taxing workout,record heat,test maker,columbia university center,top infectious disease killer,former top f.d.a. food official,air filters,gene editing,patient medical records,more men,dr. cheng,dr. peter piot,deaths,own health,dr. narjust florez,record-setting heat,life insurance,yours,diagnosis,medical records,antibiotic,food oversight,levels,nagging pain,opioids,infection,social security benefits,ms. plimpton’s investigation,blisters,mutations,meta,striking workers,ms. livovich’s team,survey interview,more than 10 million human brain cells,dr. sette,fellow priest,other common respiratory symptoms,new heart,dr. edward e. walsh,chemical abortion drugs,children’s hospital,ms. alpern,sickle cell’s impact,public health departments,new viruses,tirzepatide,important health care choices,hair movements,latest vaccine,dr. sekar kathiresan,cincinnati children’s hospital,dirty indoor air,allina health,dengue fever,male-killer,funding virus research,coal pollution,state’s insurance department,real health outcomes,china’s westernmost region,"desperation

ms. livovich",mickey mouse hernia,health care unions,senior poverty rates,male-killers,sickle-cell treatment,high-dose flu vaccine,babies,abortion landscape,uncollected garbage,medication rates,workers,schools,dozen astronauts,fewer treatment options,children’s weight,average human temperature,harvard’s material,peace corps invitations,sense,f.d.a. oversight authority,health benefits,life expectancy gap,bags,health worker strike,standard childhood vaccines,new obesity drug,unlucky few people,health ministers,"more than 25,000 people",investigation,drug consumption site,dr. david kimberlin,few intact blisters,global cases,dr. howard frumkin,certain food groups,hearing voices,own drugs,"long covid

a team",pediatric obesity medicine,menthol cigarettes,housing studies,syphilis diagnosis,agency investigators,u.s. department,mississippi’s current practice,heterosexual cisgender men,other young cancer patients,genetic health,rite aid,new cancers,formaldehyde vapor,facilities,researchers’ collaborators,heart attacks,"activism
mississippi",dr. cora walsh,dr. renee salas,dr. charu aggarwal,apartheid government,fragile mrna molecules,enough weight,chronic brain injuries,research funding,common and well-known dissociative disorders,telehealth company,unprotected sex,alabama’s black belt,day energy challenge,home states,oral antibiotic,"more than 17,000 customers",most airport workers,health economist,new shots,hearing loss association,malarial areas,home care services,sperm donors,dr. antoniades,peaceful death,doctors’ concerns,new drugs,preliminary ruling,mortality rates,dr. stanford shulman,free agents,in,r.j. reynolds,lower esophagus,dr. poland,high school vaping rates,dr. fang,egypt’s minister,space settlements,new obesity drugs,labor organizing,supervised consumption sites,formal union,dr. julie parsonnet,"important
the dietary guidelines",h.h.s. division,local health workers,mr. o’connor,lung cancer cases,cannabis plant,mental health tiktok,prescription drugs,greenhouse moths,new method,city’s 507 neighborhoods,climate change,black people,dr. laureys,network,gunshot wound,surgery’s effectiveness,allura red,dr. maus,oregon voters,gene editing chickens,licensed midwives,animal drugs,excess weight,hearing aids,dr. griffiths’s research,social security,dr. monica m. bertagnolli,committee discussions,endometrial cancer,red blood cells,pharmacy staff workers,certain lab tests,children’s body weight,flu vaccine,sociology and labor studies,intense therapy,mild cold virus,more than five million children,memories,contingency workers,dr. ferric fang,china’s transparency,defining public health crisis,extreme pain,long covid,hybrid policies,american public health association,single parents,china’s foreign ministry,most long-term care,harvard,midpriced hearing aids,long covid patients,gene editor,fewer calories,dr. sutton’s updated submission,various state agencies,biggest cannabis brands,black children,state’s schools,database,treatment rates,dr. apoena ribeiro,dr. steven laureys,tangible rewards,mental illness,no,more compensation,a.d.h.d,asian and black adolescents,extended families,priest’s discharge,sickle shape,most weight loss,dr. rodolfo oviedo,"rise
major depressive disorder",many owners,kaiser’s hospitals,f.d.a. process,"news
few americans",ms. su,cigarettes,patients’ pharmacy records,dr. mukamal,female-killer,mr. johnson,medicare patient deaths,poorer patients,endocrinologist,social research,smaller risk,harvard research,a.i. software programs,liver cancer,cognitive decline,whole body,appeals court,dr. weissman’s lab,people’s average temperature,types,school,dr. david shaffer,dr. powe,neurotransmitters,more than 800 health care workers,super meth,poverty level,more and more surgeons,chinese data,new treatment sites,health care facilities,day,city college,dr. parsonnet’s mother,online abortion pills,control chickens,tb,smoking,vaccine,dr. sutton,ms. retton,health care use,ms. warren,cassava stocks,final guidelines,psilocybin experience,vanity drugs,u.s,few americans,male-killing virus,preterm newborns,dr. urnov,new malaria vaccine,richer patients,city officials,wounds,time,supervised drug consumption,common covid symptoms,earth’s pull,malaria cases,mr. faucette’s last wish,highest performing campaigns,many preterm babies,a.i. tools,space travelers,preventive medicine,tobacco” generation,downtown park,birth parents,viral male-killers,upper weight limits,tb program,w.h.o,dr. gulati,patients’ doors,new vaccine,medicaid services,union’s bargaining team,psilocybin,paper covid vaccination cards,healthy young people,a.i. developers,u.s. fentanyl,serotonin reduction,mr. shaffer’s first marriage,sickle cell gene therapy,uninsured americans,national peace corps association,medicare,dr. jerry coovadia,western oregon,diabetes meeting,prescribed medications,program,allina health system,asian adolescents,voices,scientists,johns hopkins university,surgery,tiktok mental health influencer,standing birth centers,health halo,dr. wang’s responses,ms. hall,uninsured children,single treatment,machine,"black, hispanic and indigenous older americans",many space travelers,while,armed hamas terrorists,inquiry,new blood cancers,average social security retirement benefit,tumor types,new treatment,aids program,dr. handy,abortion bans,stronger blood-pressure medications,fentanyl precursors,cancers,sids,agency’s current guidance,ms. wintour,alexandra,long covid or different biological indicators,single gene,dr. marrazzo,dr. hamed,related data set,candy,long-term care services,kaiser official,specific home care agencies,mandatory long-term care insurance,agency’s current timeline,mississippi state board,preterm babies,adult moths,major international report,man’s heart,peace corps’s top priority,dr. frances,fentanyl,much weight,accumulating garbage,dogs,brain,dr. humberto choi,immigrant children,nursing home,persistent pain,dr. wang’s work,less than 40 percent,cassava,newborns,cancer risk,dr. ray,food industry groups,a.d.h.d. drugs,dr. bertagnolli,such mutations,male insects,organ rejection,dr. carson instant fame,older residents,most traumatic memories,dr. willie melvin,live viruses,mr. schumer,"antidepressants
s.s.r.i.s",dr. fisher,least 50 million people,union workers,bolsters williams’s theory,neurosurgery,johnson space center,mild symptoms,dr. rosen,young people,raccoon,food,person’s life,infectious disease experts,internet and technology addiction,brain’s diversity,texas supreme court,delayed cord,significant health problems,egypt,criticism,chinese health officials,country,side,enough workers,ptsd research,pediatric obesity,kaiser executives,creature’s life,federal agency,one,severe gunshot wounds,paper cards,artificial gravity,dr. allen frances,pharmacy records,epstein-barr virus,largest strike,ms. engelbert,many women,younger patients,allura red dye,media reports,dr. bhattacharya,mr. sanders,assisted-living section,circulating serotonin,dr. camille kotton,more than 60 million children,cancer journey,s.t.i. epidemic,virus,symptomatic raccoons,falling high school vaping rate,black women,hostages,listeria outbreak,dr. bergman,many home agencies,fewer daily calories,infectious virus,dr. bhattacharya’s team,dr. burns,ms. levin,blood,world,u.s. teenagers,problems,apollo astronauts,climate change’s effects,dr. e. fuller torrey,dr. pontzer,more states,dr. david s. jones,ordinary sad memories,dying patients,dr. talbott,dr. ngamije,human life span,next dose,mr. xi’s meeting,gun deaths,debris,teeth alignment devices,dr. cara poland,health and life experiences,giant dogs,kaiser permanente workers,such people,medication abortion,more than 1.3 million hernia repairs,called autoantibodies,state hospitals,groundbreaking treatment,cell types,heavy marijuana users,dr. murphy’s device,average temperature,kaiser permanente,pain syndromes,dr. michelle o’donoghue,dr. long,many pet owners,free covid shots,bans,assisted living,longevity drugs,weight loss drugs,cannabis,memory region,mr. beck’s more traditional therapy,meta’s manipulation,neurons,lowest dose,old drugs,effects,department’s ketamine program,china’s dominance,dr. salmon,advanced heart failure,childhood obesity,city hall,more surgeons,cancer,member committee,weird machine,potential longevity drug,first “no-tobacco generation,residents,multiple sclerosis,comprehensive investigation,air quality monitors,other dogs,families,"next
dr. antoniades",more than 60 types,surgeon,health care services,teen suicide,space aspirations,higher infant mortality rates,black americans,other air quality experts,transplanted heart,space station,mental health,gun,space tourism,f.d.a. study,common drugs,many black parents,dogs’ health,vertex pharmaceuticals,dr. gardner,mr. marchese,premature babies,younger children,other expensive drugs,american virus research,drinking,ill effects,human organ,artificial kidneys,dr. lyle a. french,most older people,social connections,young cancer patients,company,burning,nonexistent people,american infants,dr. romanello,laboring women,preterm infants,city university,ms. keyes,analysis,many caregivers,osha,gunshot wounds,weight loss drug,life spans,oversight,dr. john a. talbott,test accuracy,f.d.a.’s authority,vaccine manufacturers,many healthy people,fascia,u.s. health officials,medical marijuana users,dissociative disorders,medication shortages,medical insurance,injurious things,coal,unapologetic meth users,dr. kotton,brain’s functions,dr. bergman first approached commerce committee staff members,higher poverty rates,smiledirectclub’s services,journal hospital and community psychiatry,mouth,dr. philip mackowiak,"more than 700,000 children",life experience,coal power plants,hepatitis c treatment,higher benefits,l.g.b.t.q,cognitive loss,intact umbilical cord,few people,dr. molinsky,parkinson,dr. karikó,safe drug consumption facilities,younger people,target gene,dr. roy fagan,treatments,white and asian children,nurses,labor,second maryland man,dr. guy voeller,blood chemistries,cancer doctors,sickle cell’s toll,vertex product,dr. patrick forde,day strike,"more than 3,700 cases",tb research,endemic areas,net prices,gene-edited hens,vaccination records,autoantibodies,severe covid,clean” coal exhaust,heart,dr. coovadia’s home,services,malaria program,dog parent,many older adults,things,valuable personal information,malaria,government’s target price,outdoor air,dr. applebaum,ms. faucette,black adolescents,menopausal weight gain,test,f.d.a.,company’s first sickle-cell patient,firearm fatalities,dr. locke,other blood cell cancers,sickle-cell patients,new weight-loss drugs,dr. edwin menor,other children,congressional inquiry,proper behavioral therapy,home,much abortion bans,calorie requirements,mr. grinstein,thorough f.d.a,mr. rousseau,committee’s decisions,organ,innovative cancer treatment,coal-fired plants,people’s attention,dr. pelham,health equity,race identification,drug consumption sites,america’s indoor air,ms. verner,other hernia surgeons,dr. schiff’s research,dengue epidemiologist,many people,gene-edited birds,chickens,temperatures,privileged people,fever,donor’s genes,esophageal cancer,same policy,early covid cases,pediatric bariatric surgery,tumor samples,neurodegenerative disease,significant cognitive decline,covid-19 cards,dr. wang’s files,injectable drugs,dr. wang,dr. muhammad mukhtar,approved vaccine,back,sad memories,second malaria vaccine,brain scans,other gene-edited birds,dr. donald k. milton,cassava’s research,abortion process,chinese news reports,jeopardizing funding,dr. neil powe,pediatric cancer ward,w.h.o. statement,american and global health officials,dr. jeffrey shuren,routine immunization,necessary and even detaining people,hair follicles,facility,israeli soldiers,food pipe,health care providers,dr. michaels,next 75 years,law enforcement demand,firearm injuries,dissatisfied customers,drug companies,apartheid south africa,traditional organ,mr. bush’s foreign policy legacy,other symptoms,doctor,severe heart disease,earth,body’s ability,ms. simonton’s case,mild cognitive decline,ms. ha’s introduction,many different drugs,low dose,covid exposure,most patients,opioid use,public health leader,opened blisters,other older people,dr. sutton money,pediatric cancer patients,inpatient pediatric cancer patients,health care  systems,community drug use,mr. biden,gun safety,university,current committee members,israeli bombings,modification dr. karikó,ketamine,vascular dementia,serotonin and other metabolites,mr. xi,mystery’ canine illness,dr. mandy cohen,poverty,dating shows,zoliflodacin,mrna vaccines,fresh air,smoking rate,mental health care,ms. brenoff,sanitation workers,state attorney general,benefits,risk,more than half a million medicaid recipients,race,mental health influencers,south africa,wearable or implanted artificial kidneys,few patients,wealthy people,dr. ranney,live births,u.s. life expectancy,type 2 diabetes,medical workers,traumatic brain injuries,supreme court,more severe cases,children’s sleep,b.f. skinner,sexual problems,ketamine users,war,viruses,dr. sabin,weight-loss medications,such heat,mental health reasons,medicaid and chip coverage,internet use,dr. mcdougall,weight-loss drugs,nobel memorial prize,psilocybin market,state’s supreme court,kaiser,medicare patients,dr. kimberlin,older people,pregnant women,medical treatment,state capitol,israeli judges,children’s groups,dr. keith dreyer,indoor air,white women,man’s ct scan,china,"more than 5,000 deaths",committee’s recommendation,hearing loss,dr. robert wachter,many gun owners,peace corps position,smoking cannabis,experienced health care workers,maintenance dose,red dye,health and human services,state’s chapter,opioid epidemic,potential patients,health evidence,other drugs,black death,medicaid enrollees,increase,s.s.r.i.s,cards,chest,genetic mutations,hurting parents,highest overall rate,wegovy’s estimated net price,last scan,american fentanyl crisis,dr. carson’s mentor,zepbound,whole network,mr. firnhaber,city’s beachfront tourist neighborhoods,eye products,cordis corporation,lurie children’s hospital,disease progression,malaria parasite,flu expert,dr. hoffman,most pharmacy records,new workers,company’s algorithms,year life expectancy,dr. martha gulati,mrna work,other animals,physicians’ union,common tumors,older weight loss medications,variable gravity,final scan,dr. griffiths’s work,influencers,abortion issues,online social information,harvard’s public health experts,b.p,purchasing mushrooms,life-threatening blood cancers,long-term care assistance,fewer than 700 people,frustration,american babies,hearing-aid use,frozen tumor samples,follicle cells,largest such database,dr. li,home care,"more than 1,200 people",f.d.a.’s tobacco center chief,legal abortion,intense workout,teenage obesity,transmitted dengue,magic mushrooms,high-dose flu shot,recorded memories,dr. joseph fins,acute rejection,ms. bradford,gene therapy,weight loss,cassava’s reports,mr. alpern,skin,health care industry,mississippi’s vaccination requirement,severe disease,peace corps volunteers,better air quality,signature drug,medical clearance forms,f.d.a. plans,medical clearance system,small increase,v.a. researchers,formaldehyde,body,hard time,earth’s gravity,enough weight loss
